"FileName","Churn","IssueId","CommitId"
"include/fmt/core.h","2","","3d84b45a22a9d21afacdb6b550c08c279184aeaa"
"","4","","4331abed26bb3bbbfb80957ec9a8c015b5d00a8b"
"","1","","58a6bd48a8dc7ea74bb9fd900c60fd333a85725f"
"","2955","","79f1506fe3a7fae7c22c55d3cd7cdc33bc536dae"
"","36","","4d616479b577eaf1f5a88dc6b8cf038aafb58d05"
"","18","","7ba6420540383f378c48834beb46f9cec5504dd2"
"","71","","f7ed65fa4a7e5b1ccaa775746dbe63deb6a91190"
"","111","","f34f31b3210f8d10ddfe266ba4a853e0a35416da"
"","106","","fb66131efae3796a301cb30fca22f12433e63780"
"","39","","6af30d8f75d3a29dd91dacfe77be052991b8a65a"
"","38","","c177324ba97d6d864a18543c06ab04b9039a3791"
"","134","","545d37a8b07619d856078d423c6c8c433a288d27"
"","299","","a5ae9ae19d59a15def6538e55fd284c338f00f84"
"","5","","23e8109d8d4276f4d19394ac2d44d49701b9406b"
"","61","","48d7fb265bc0c51a7bf8282b41536853182a8c21"
"","53","","f348d1a211bcfa8c6f70195d91ad3ae783b64130"
"","21","","df67df7b4c640a23905c4909490f42dc0707db48"
"","5","","17f79ac6cfc9a45248846c61e7ef30ecadf88cb6"
"","14","","dbdfc99fa1cfe9e389c320504dfa4463bdf28b00"
"","25","","c1d9e88402cf2755502df4db6de9e9a127f49edb"
"","38","","1b7d9db0ce04b5e22cdbfd0606a499d38b202382"
"","37","","0641b844accb670ad8aee771a9db143d43811fce"
"","36","","1e938dda200e8f262bfbec31e291d639c9bb3c38"
"","33","","2e5b14bf603429a08ab9480bcd1fd537a2fe8f16"
"","3","","bee495c97f15f6ca9012756e1e0050bf2e69c648"
"","2","","c7061776ab5330fb09c07596b57e7c154310c427"
"","29","","dc52d176de8267f618cb54cc782a2917b4abc5ca"
"","13","","0e3e61cc0a0e278601fcbbaca2f7b2da3165b874"
"","108","","800a0bb23f0bb45bfabecb4236bd1a3f40f9632d"
"","45","","f2e43f967c3ed49aac5219f0d9e2b8415d533990"
"","27","","c9287eb9f7f88e94f7b0ae36a7969b2449df08e6"
"","38","","61f144bd61c8d4c6ecbb0b7e5582c559a52c0aa2"
"","4","","4687f8e37e8f6ebf2112445750ec21d85164abd6"
"","71","","f2c55f6bb8a487fbb524a992da63fd0f94045b41"
"","27","","c9d233c0a4104e5b59420e89c2796f2a4bafffef"
"","1","","4e43a46993780e9adbcccb3b7dd74aeb36fada2d"
"","8","","c36ed77ff0aac7b59eda7d2f6d968712be967d4d"
"","27","","e2ab9ab22b4e138bb5004dcbcacc3a200218db08"
"","2","","0378d171f95319bccc2f6e01307d1417bff1dd5e"
"","76","","63ce1708532b7f884541d536ecb1caf3c11dd9ad"
"","7","","74ffea0dcfee4a06fb3e153bfb1f8e69c797681c"
"","11","","f4a7d40dcaa0def8db2a873e53669344f2ecd667"
"","113","","068bf9bad8a6f96a9a47477939b4699f14ebeac5"
"","4","","50565f9853926501bd1c9bda07c6a98f4d940691"
"","14","","0b39d67103025c4b15c424ff5e2ce4ce7399edd8"
"","2","","b0569451a798232efc7a5eaa0c210e6626069e06"
"test/gtest/gmock/gmock.h","34","","5bf577ca58f8775f59cd14a9bc8a84b6eca862e5"
"CMakeLists.txt","8","","ed27df5760490eaaa620c2537c59c6ace2d90c4e"
"","1","","01a5b56f0dedbb81701b2746cc245898e6900736"
"","2","","c43da35701b89e9368a40d36c69e7fc87eeff50a"
"","10","","d57040f949eb508bd3bd1f73bf97cb852d5e5d6f"
"","19","","5fa4bdd758073ad64619fc53d345255b5abed5ec"
"","4","","f924d16e4789d6bde9def439ac50b778a1536384"
"","8","","6870e4b06bbf0a0ddd98534a393a561261b3153c"
"","4","","fb07b37c5b104e98a9316668c8dbbed166c9b873"
"","6","","e50c8b6bd870eb743b2cf13850d5aafcf7d1bad8"
"","2","","6f68c62cb5d1bbf661fbde28224f1067b6b27e41"
"","2","","d059fe42a87a45a5ca337fecbbcbe10b0bcf5ca5"
"","3","","43c5b34749d338be15dac11d3039c0266097a28a"
"","5","","0fae326c42e121bf888f12cfa4136ab02ebed3d0"
"","4","","8b1fcf5cc107419ddf2a2058bf4cd0420c6d4003"
"","16","","98dd673cf829a69fb6a7715aa1341491a1a70930"
"","10","","c4ea903250e20c3ffa9b70695c33207dc9b9a0e2"
"","4","","6ceef04dfe9ce99ffc12e596da0ad716e2af92ad"
"","4","","ab6b257a3908e1aeb247a09964e1b8db422c5890"
"","4","","077e4ae746cde56559d72babe278e3d189bb2b3a"
"","3","","b5c8fd783ced18a29ac77aff04ee0f83008c0900"
"","1","","e6d4f927cc7465e43dba5ebc9ad0ad61f8cda9d6"
"","3","","8de3e87da1f3088963944633fded6c639559ab64"
"","3","","46d2acb3ba30f85ecacab8ea828454fcc0589144"
"","2","","0f6e7165489c392e717a16adc449001f17fa2d87"
"","2","","21372bc0b2c844aaf0ec83cface42ef59d505ca1"
"","3","","fcc0b49978104138d25506901289af727e0de96f"
"","1","","0560c334fb2fe33b132a72a07f3c70312942d6e2"
"","6","","5c445bc42cbd30212ff003452d22a75a1cff53ed"
"","2","","6abc1204f3c246a32d7086da20e50b5df358fe78"
"","82","","a9b851763854ffb21e9569f18e0f34b4f661fbeb"
"","1","","dab1a65d2c37920455330d49e5396b25179e25ce"
"","2","","871538d3abcee0d83858b04b84964912814c1675"
"","6","","b7809f91e2cc42d3bb693e742a28815832c6cb89"
"","2","","3b5f3de3b57505c7f1a60ee40ef3448c623b1326"
"","6","","7a63e233d283bcaf40f77ee048ae4ad39808aa92"
"","8","","79f1506fe3a7fae7c22c55d3cd7cdc33bc536dae"
"","1","","7fd180268666f5c997655a67a83bf8827ebe4359"
"","9","","398ddb8fec18eb4dfd1d0c8b1b8222afdb8b6307"
"support/check-commits","6","","55e76e6c20e80c4cb329e596b6a4c0aad6c324ad"
"","43","","8757f1f8d6283f43c25e2b62bd1c2a5b0dd439f9"
"doc/index.md","4","","bfd95392c77789a5e516617ce02a895865a68c3d"
"","2","","6797f0c39a4ef13061cbc3bb850c35af7428fdc4"
"","6","","1334eedaf529731922c6d3c5ec1b59fe15e4a6cf"
"","6","","a6e6e9c3c9a3f2775fd00a901cab6896f0ca3c17"
"","6","","e6d4f927cc7465e43dba5ebc9ad0ad61f8cda9d6"
"","4","","2c84fa9ac9c294fec8ae8fed767e568e6037fe68"
"","2","","8da0240dbc4446c081878c87c73b2a9bf0445fa0"
"","19","","595e54919b514469f540997d12c057724894178d"
"","62","","c636967c5ca11e621573bcbecb115f817981499f"
"","12","","d9b90029bf70fa9ffd1d8ffbe21fc3270cc28ab4"
"","281","","1ac9b317f2e3b2d8eb3161be136e9784362f5cde"
"","4","","ba2fbf6e1f3dea581e116d95d570153451473cd3"
"","4","","9e07045f500b7ffa34fe8698aeb25f54eb45ee54"
"","175","","e721046e2742a813ec83c1ae9a9d09b1f53318da"
"include/fmt/os.h","28","","96dca569a1251ea77f434c2773d4db55c4b8a488"
"","6","","6f62db098a391436be11644ed9e0b55e7964e8d3"
"","2","","02c5d637c5ca02c62d7346537e131833d8d78d8a"
"","4","","158893b384aeb71f4a2ed7d33dd1fb9b488bc487"
"","4","","f5a16a484bdf072959dc27ea18dc0ec534eee251"
"","10","","cad876be4c854d0bcde239a80de87edc10bec8d4"
"","5","","94b8bc8eae1ac64ce2219afa8450f8176a0488e4"
"","49","","020af729ddf5137294cfc819492f4988e54ddab9"
"","2","","31b3c325f692314b4f3e397618b935e2f5e0c345"
"","12","","febd8ed5fee269984405c5502a19224c5106c610"
"","6","","8687315e86e739bbd8b6deb035f2fc7c4e4a6907"
"","126","","9b12491c1901b8b337093132479e8bf387afd31e"
"","9","","ab29ef37d9b973579ec9e8d889044d9d1c38e0f8"
"","4","","97117cbb51ce83905736ef4287645c99adba646c"
"","6","","38ba3d3993a078faffc2b58246f9f76edcebe7e6"
"","10","","1f436c646ed4f3ec2c5e2cfe958ed6f34aa1983e"
"","2","","f4b256c6676280dff9a9573c9b295414fd3e6861"
"","8","","116a9ce4880f1c74828447f8563657a57130c3af"
"","14","","53347891cf658c6ff02370f566c06376671551e2"
"","3","","b71ef65b6e333cdd7a7d3e7f7af3fd36b25381dc"
"","3","","63ce1708532b7f884541d536ecb1caf3c11dd9ad"
"","17","","c14238503392f42586ad79ad312446d9262881ff"
"test/mock-allocator.h","10","","cf1f55f7985c4dd53f32f07a34d8fad5cdb2dc61"
"","5","","297b22f5856482fb5b9b464ce58ea760900c7677"
"test/header-only-test.cc","2","","79f1506fe3a7fae7c22c55d3cd7cdc33bc536dae"
"support/release.py","188","","3c8aad8df7d08a693f791cee3b94733d2696a33c"
"test/noexception-test.cc","2","","79f1506fe3a7fae7c22c55d3cd7cdc33bc536dae"
"support/bazel/.bazelversion","2","","a4715c48b42e7abb92f9d624c4de39e95d78cbd1"
"","2","","97867e279a0776925477eb1f122db5ec7b836db0"
"include/fmt/chrono.h","2","","bfbdc2be9a07eb67b8e084a825eee97f0c6504f3"
"","2","","3f864a4505426ed19e5ba55261af37669a123e4c"
"","2","","4046f9727892a9a1baeef00cb20211ee062efa16"
"","2","","3faf6f181e4b277868578dd97034aada145aee8c"
"","36","","96dca569a1251ea77f434c2773d4db55c4b8a488"
"","4","","fe79932c2674f3a5eace0780b89e74c22b083880"
"","2","","6d43c755bc225b57f0fb55fef53408e7964644c6"
"","82","","ed8f8be70d82b0a081286e262867956e565c1bf6"
"","30","","538d8777e56cb2af05f053835379eb465a93a5b5"
"","4","","0335312320e8093fb1186cb45f60daccf8c161f6"
"","6","","1782a6eac0fc6ceabd9a529a6b8834bbb582ddee"
"","2","","689ec7a087cd3c362f74aa13b8faf801910f51cb"
"","26","","28143dc99d3d4bbc0454308c6572176cfc306c97"
"","18","","6f62db098a391436be11644ed9e0b55e7964e8d3"
"","205","","5345cfe6b321115c3835c38be6b1c02da23b26e6"
"","5","","a6ecd25b808aff5fe5313b40ee1ee6b7b6dba37b"
"","14","","8c4cfab57add08231c14c6c8b532ce1f11d6a6c3"
"","21","","64a6c8459282de9cc2d8bbf8025a28d2aa6ccb05"
"","10","","e3676ca309fd6c128250f65cd4d32bd9f22e2ef9"
"","75","","1a79bbfa83b0942fca3f2794655b6b91bb682583"
"","70","","89af1ad77df56591c0e0fe83e8729c9656edee67"
"","152","","0e741e0daa580c15ee5e57ac629f65bec7d6301e"
"","40","","d1acc667c1b7b0df146f92a87cd5a9eaad75b6ee"
"","133","","4fb7008c9001e29447cee92e980435c6cef1f71e"
"","4","","b906c321f0670c6bfc4cc999d5362128dc906d53"
"","16","","50a8c3e9bfacb6a6b1a3ab742d9014d731acd329"
"","9","","7891699737dbf4fe0bbde1ed14a40132c4b53ad4"
"","2","","1db227496677bdddabc21cadaee63a1923bf3a3d"
"","14","","a80d668a52a92b67e01cdf59622454b31c4059c3"
"","2","","ffdc3fdbd90385429dd2ea6a774848e39d4f957a"
"","10","","4239dfe081e8cd7c9f294e55dc3c60279056eb21"
"","4","","f6b4a23b83b36946072398bd04b7c7810df2d213"
"","2","","8687315e86e739bbd8b6deb035f2fc7c4e4a6907"
"","3","","0f6e7165489c392e717a16adc449001f17fa2d87"
"","20","","7bd11b5cdfdfd17573494ceb78058f4a79ae0b08"
"","2","","94f96d112dba3f55c4bb72ca57e72589e9ea5c2b"
"","26","","ab29ef37d9b973579ec9e8d889044d9d1c38e0f8"
"","89","","ca8eeb09eed72e4bef26fb1d3d8e89b46a15bbba"
"","2","","7d6ae972b982b9e660d0a272e5ed00d163f25bfe"
"","5","","7650ed04a3d53fe2db6b545858af81c82bce3c21"
"","20","","116a9ce4880f1c74828447f8563657a57130c3af"
"","40","","c70e7b7473728509f72d53325f83ae4d68b13e0e"
"","125","","71144eeaff2199dbf70a2dc1675f21c731da47f7"
"","11","","ca9193983bdfa5cd3351d7801f31925f4dee8e2e"
"","105","","74a187288bbf10e2eb7bd6282715530392e8a2a2"
"","5","","ebea5736a2605864009ee21eb65c90cc2e4f5892"
"","35","","8e42eef4950feb5d2b76574a9cd2591dfaae2449"
"","19","","34f415b56ea887bca5c53b3274a3e5d0517bdb94"
"","6","","8510838db10427d4af0fd003c04d434e762ab363"
"","2","","470c4e6ca8d648a70f0071fa7c81b15fbc4556a4"
"","4","","f9294f0e608c85857402db10f7f46085b8a3c748"
"","35","","4d766b1670afca7c246094d157bcd2348d318019"
"","14","","da0f84c42cd608c4938ece93762cacf9ac5ff3da"
"","10","","ebd5c8f99421b1e7e0455b9c10060f38bb613121"
"doc/_static/breathe.css","12","","ecd1559732f8c00e7d62c88872cde8298bf5d006"
"doc/_static/bootstrap.min.css","6","","8691f21b45749194eeb1aaed36c328801f3a0bdf"
"","2","","12ef9e09d1de3448a146c01229ea920d728bbbb9"
"","6","","95076981f781975b35c469046d2fdfbabdd863b5"
"src/os.cc","2","","891c9a73ae9a23ed8bffffb8753504b1f6f399d0"
"","15","","020af729ddf5137294cfc819492f4988e54ddab9"
"","40","","bbf44cc000531dc7737d5321ccfa9f2f11b20127"
"","78","","8687315e86e739bbd8b6deb035f2fc7c4e4a6907"
"","2","","f4b256c6676280dff9a9573c9b295414fd3e6861"
"","2","","aa52eb765dec0eb67fab4b035a4a05b82346c8f5"
"","10","","38881e5acfbac830bdf68ad1c101ae420ac5bc92"
"","11","","63ce1708532b7f884541d536ecb1caf3c11dd9ad"
"","42","","c14238503392f42586ad79ad312446d9262881ff"
"test/gtest-extra-test.cc","41","","c14238503392f42586ad79ad312446d9262881ff"
"test/fuzzing/fuzzer-common.h","2","","79f1506fe3a7fae7c22c55d3cd7cdc33bc536dae"
"include/fmt/ranges.h","4","","cb6fdf2191c7dcac1b4c0b8c7abcc8b488e6919f"
"","56","","536cabd562831816450ce3f9e57d4da0777ffa9b"
"","12","","bfd95392c77789a5e516617ce02a895865a68c3d"
"","13","","9ced61bca440c0e214c2fb5f31d72ad6b855000a"
"","41","","5a3576acc88cb0947cb68f7f46c320aae6f44090"
"","4","","a197a994c5a2363bc93bcff41bc77390802051cf"
"","29","","a25e594f6acec726c08c651a8613abae8ab51d1b"
"","2","","8a19b2db779cba178a96eb99da787d9451fc2a51"
"","23","","158893b384aeb71f4a2ed7d33dd1fb9b488bc487"
"","9","","d980dd71713eece6728392c7080d041b46d4f7de"
"","2","","4986b4c0efd0fad653463e867d068c12f42e9e0a"
"","9","","60740b7c24030b9fde5e7288e1cf41aef84fe7ba"
"","40","","8c4cfab57add08231c14c6c8b532ce1f11d6a6c3"
"","5","","985c3399d135d34d52a4216c5fd30544d7332f07"
"","2","","b906c321f0670c6bfc4cc999d5362128dc906d53"
"","9","","9f0c0c468be45357d85efc1788b7561fafbdebb1"
"","2","","e60ff504ea0a4cc663f0172c3db52a23d4f46d10"
"","2","","7f951f250206b57f9361f5a0b06f68372009e38d"
"","11","","ac9677323057b1ca31d157294b15ad0a74ae2b79"
"","2","","8687315e86e739bbd8b6deb035f2fc7c4e4a6907"
"","15","","e0b66e8f83bbfd3c348b5c0c388a176a972535ab"
"","55","","794df69c8c5fddb27742d2dce9adf3c61dd1dd21"
"","36","","ab29ef37d9b973579ec9e8d889044d9d1c38e0f8"
"","36","","97117cbb51ce83905736ef4287645c99adba646c"
"","2","","1768bf971409effd74346c61446ac4f31c2bedcd"
"","3","","fc723fd6c707064cca9ed95cf4526a955e3cd2b7"
"","12","","b81761068b5cc346b30a023cc6077d34afba1e01"
"","4","","706eabd5e580e55088681f41254440aff957a288"
"","2","","8db8f2249020cd44918ffdf17de40b2075607088"
"","38","","d2473b7b73c0af2a3ed34c99e50ace0a1040581a"
"","9","","57593a123be5a1fcb3e1fbcdd5e9e38779f8cede"
"","24","","10508a30ecd91e5d09a27e4c6c0a01a89fd4edc7"
"","43","","16cec4f5913ef4c5c734290cd0d1eda39cf36bd0"
"","91","","77bfd8499af75c5cff6b42d131b02bfdfbd7d5e0"
"","33","","3af8ac7a06862db37de7512b9cde8c45219071b8"
"","109","","ceb406d06c7ab13b8eeb8beb7b5a1ddbf882b780"
"","28","","400f6a8ee289a862c035d82eaf340a27952d1ae7"
"","10","","116a9ce4880f1c74828447f8563657a57130c3af"
"","38","","11f2f30f0b9e07363dd6dfc8d62891c68ec7cc4b"
"","62","","0861db500f8d4aeb2bc5ab86561a3fb6da233ba9"
"","13","","8e62172ab6742c0e399d906456f54c927ebd4f3a"
"","21","","e1832bcf00ed53048aea1e4d2408a68301dcd50c"
"","7","","fe0d910a7de68710171bfcc994802fe8a840c547"
"","8","","c10859f15c363d8b067cb529c83ef3a3d4a29f35"
"","13","","d0963d48234c1e52699944dc5f915c3113c1d57b"
"","15","","da0f84c42cd608c4938ece93762cacf9ac5ff3da"
"","23","","59baac522ee8302cff0397310304d5c841e3cd2f"
"","4","","297b22f5856482fb5b9b464ce58ea760900c7677"
"","6","","da7a232b9e5258ce63a06d999bd72c021999ffd4"
"","4","","2595bf57b318991a6d70ef1eea8d60b87f637fd3"
"","3","","c1d9e88402cf2755502df4db6de9e9a127f49edb"
"","8","","7d73ef85f7e0cc3e35268473a04e921039201650"
"","20","","0641b844accb670ad8aee771a9db143d43811fce"
"","84","","50565f9853926501bd1c9bda07c6a98f4d940691"
"test/assert-test.cc","2","","79f1506fe3a7fae7c22c55d3cd7cdc33bc536dae"
"doc/api.md","8","","373855c1b0ec3e5e66003e94aa65344bf53078a8"
"","6","","21aa0956d43297667762cf79347e4cda76ea3521"
"","12","","853df39d0a1f5b0f8c584c856f84ed3c553fa464"
"","18","","da24fac1015402aa37d0d6ddbaa331ad5b420496"
"","19","","d8a79eafdc5250ee9939976fd649b45e15a085b3"
"","7","","e9eaa27e5a4f30d96b4d5f174115cae1b78bd24d"
"","13","","02537548f3a9efb5f3b83755acf50c8a16ba58c8"
"","6","","ff9222354993cdffa0c5fa07a3e79ec11a24f86c"
"","4","","92cdbbae06fe43f87a6c59eb1d623bb5abc8405d"
"","4","","28673d9699903c8710254f8afbe591b395e1e12e"
"","8","","a1337aa8aaddb614f8ea2088752991ff01c8762e"
"","4","","d1cab6a9aee2de160b9177ef74ab1e0ce6bb57d2"
"","13","","fe741daaab986467d8cd965e7a73d702dff34b73"
"","2","","0a555818d7b6f47a22ab4dd4b1515f8a6cdce52f"
"","5","","966a1b3d441959ac1dd32e4c8237af9f7ff3cf37"
"","4","","2c84fa9ac9c294fec8ae8fed767e568e6037fe68"
"","13","","ab29ef37d9b973579ec9e8d889044d9d1c38e0f8"
"","58","","97117cbb51ce83905736ef4287645c99adba646c"
"","12","","886237ae7b2344eba7975857307419388e2ac449"
"","2","","509d0181016637bc8cb75b2ebf89ca3793ff5fb5"
"","4","","38ba3d3993a078faffc2b58246f9f76edcebe7e6"
"","24","","07141139742e4bb15624c27e65e3b63c78a64c62"
"","104","","03d14c3beb4d06d70aa7bb2e4cf381de6b350afd"
"","33","","a10e0321488ee9ada293002eeda1d8a57a6d63f7"
"","151","","febeb51bde02d30e188fb1016ecd7ec6d3207c36"
"","19","","f18c2b65c4681959c96b480551c93a94f170e464"
"","9","","e7ba467e9b11166fe719809f4c32c7c3d795a330"
"","685","","19927462497c249d8aa01293da0e1aacace51686"
"support/manage.py","227","","3c8aad8df7d08a693f791cee3b94733d2696a33c"
"","2","","73d0d3f75d9f7a3cbfc0cb2b6295c440557e460c"
"","37","","f3a41441dfb2b59492ae94983cf74e8def428488"
"","5","","e314776c2ea4af846aeef86a3309ce15815c2138"
"","10","","503e183b9e3284317e5c12ebbf1747b54de33008"
"","1","","43c5b34749d338be15dac11d3039c0266097a28a"
"","24","","f5bf6f778120278f19995e64a102243e38c10ee0"
"","6","","84f61318259ad74d0ddcbebdeb1956d05b3c7ef1"
"","2","","dedc17c1c95ad1a23ecbb0003688b20832824eb9"
"","3","","5d0adb6d74dfd55be0c8b6b746f151a3f1d56220"
"","21","","3f251fc9c986dbef536f2d44c7ffa1c6a43832b6"
"","2","","1930ed4bfac9ca766c579cdf04e6b9fa33308e5b"
"","23","","26d07e49b2293725c6b254cb32b69cf2668f901d"
"","2","","949d5d17955d621f81002601e4ea2782f0564900"
"","19","","602e3c3d11c0a7e6c0579709ccaed2a31347de3b"
"","132","","ec46c3de9723c87001eeeaacbf7a489ad6ac4126"
"","11","","2d9d32c62b1f5396db59516f0e83649966b4cf54"
"","10","","4703ade76dc152841580333af14f04a049d80ff3"
"","2","","6c5bcca819a36eb81ee6eb4c07380ee290374805"
"","3","","051b31531cafd157920049c2f42b866924b68f3f"
"support/rtd/conf.py","7","","06f8e02fb3a1af3d8ad8b17ee041e02826d802c2"
"doc/syntax.rst","673","","552842c4ffd82a4a3ca391c9ef581683114192cd"
"","19","","f5ec5ada2bcb2c64306f3d8c25dd919dbbe4692e"
"","30","","88620e53a4ffe4cb02af02fc13d6618ff9727f94"
"","2","","668fe2653c2172aa1daffc473eadcddefe187719"
"","3","","6c617c967099ff72bb8785eed56d66737ce072fb"
"include/fmt/ostream.h","2","","a3d05d70ce22a18ec67253dcb318d590d5082915"
"","12","","86dae01c2338e7a0a406271d005cd766a3438375"
"","4","","7c3d0152e559f5141138d7ae28ba7a9e84b1e344"
"","2","","0335312320e8093fb1186cb45f60daccf8c161f6"
"","19","","02c5d637c5ca02c62d7346537e131833d8d78d8a"
"","2","","9408c2ae8c264f2c94495db73251f75fcc35cad0"
"","85","","cc3ff1529d2c823f0bd2787d1f29da7e16fbaba5"
"","19","","158893b384aeb71f4a2ed7d33dd1fb9b488bc487"
"","8","","cad876be4c854d0bcde239a80de87edc10bec8d4"
"","4","","106dc8fd642148828d63c69e9b534ccafd80f8d4"
"","16","","e2b723870787da77c040f5e705882121d618aaef"
"","2","","a6ecd25b808aff5fe5313b40ee1ee6b7b6dba37b"
"","2","","8687315e86e739bbd8b6deb035f2fc7c4e4a6907"
"","26","","9b12491c1901b8b337093132479e8bf387afd31e"
"","4","","97117cbb51ce83905736ef4287645c99adba646c"
"","2","","38ba3d3993a078faffc2b58246f9f76edcebe7e6"
"","4","","028bffa0830a8c0aca1e8b1c57ee25812cd61a56"
"","2","","7d6ae972b982b9e660d0a272e5ed00d163f25bfe"
"","4","","116a9ce4880f1c74828447f8563657a57130c3af"
"","33","","4d766b1670afca7c246094d157bcd2348d318019"
"","2","","da7a232b9e5258ce63a06d999bd72c021999ffd4"
"","2","","6af30d8f75d3a29dd91dacfe77be052991b8a65a"
"","11","","a5ae9ae19d59a15def6538e55fd284c338f00f84"
"include/fmt/args.h","3","","7c50da5385cb9e67e9be37544caa1649fd466dae"
"","4","","de28ef5f8674c875b7adcfe086790b4e483c65d7"
"","6","","158893b384aeb71f4a2ed7d33dd1fb9b488bc487"
"","19","","f5a16a484bdf072959dc27ea18dc0ec534eee251"
"","2","","7a6a2a79ed85fbd49fbd358dcee39c6d1870097e"
"","16","","4fa533c70e7b278f624bd8828d8d754e736cfc61"
"","2","","9f29345ea097b1ea070068de255fb92a5d8fb646"
"","2","","8687315e86e739bbd8b6deb035f2fc7c4e4a6907"
"","86","","9b12491c1901b8b337093132479e8bf387afd31e"
"","4","","97117cbb51ce83905736ef4287645c99adba646c"
"","4","","38ba3d3993a078faffc2b58246f9f76edcebe7e6"
"","4","","33eba1049db0d6b3a78d4cabdcb71251889093fb"
"","19","","43ab964c47b9a4b53284fe47adeefa23969d4205"
"","8","","116a9ce4880f1c74828447f8563657a57130c3af"
"","2","","800a0bb23f0bb45bfabecb4236bd1a3f40f9632d"
"test/format-test.cc","3","","52eeeb52a60ba5fbe758c00e6e6a7942f6d0bda7"
"","4","","898d43857139bd2522b547eef6859753af5dc535"
"","25","","a35389b3c238208f979be7ea81d81ada807d3cd0"
"","2","","a197a994c5a2363bc93bcff41bc77390802051cf"
"","2","","1782a6eac0fc6ceabd9a529a6b8834bbb582ddee"
"","2","","689ec7a087cd3c362f74aa13b8faf801910f51cb"
"","4","","1bde49e545ed8eb4af96b320635dc42e0d4530f3"
"","4","","f5a16a484bdf072959dc27ea18dc0ec534eee251"
"","57","","894b71da853f23364660de204a09b78fa42fab7b"
"","4","","60740b7c24030b9fde5e7288e1cf41aef84fe7ba"
"","2","","6797f0c39a4ef13061cbc3bb850c35af7428fdc4"
"","33","","377cf203e346f684df919f3046907af64ce5bdaa"
"","67","","5a0a37340c0cb2712cdc6f8b7e8963cfb5568026"
"","5","","62382e3650b7ca9fca8977c2ae38046533c0c52d"
"","24","","94b8bc8eae1ac64ce2219afa8450f8176a0488e4"
"","20","","928a07bb045c77d293c4a12372ea1b4aaf993cf9"
"","16","","7891699737dbf4fe0bbde1ed14a40132c4b53ad4"
"","7","","aff640c32f9ada045e4f8c289119fb104e5c4290"
"","4","","a80d668a52a92b67e01cdf59622454b31c4059c3"
"","8","","de6ed8df8b270e3d158d5550823ede30a6d90939"
"","7","","de684ef776c888c6b89e23906d39094ec0f4de05"
"","14","","5ef93a9f8055bd684a54e14e562ab009db401e0d"
"","22","","7a8b54a0ef7ca1791b0a5491b6e0593e1cf2dd5e"
"","20","","9234fe83f9497c2cef428b7b57499a2e2d913040"
"","18","","cf1f55f7985c4dd53f32f07a34d8fad5cdb2dc61"
"","7","","5af88653eb9c57940cecad748e1192de1a1a0bb3"
"","15","","53347891cf658c6ff02370f566c06376671551e2"
"","3","","6c7cc6a06fecb1746c31cd76d147652fdf93124d"
"","2","","365c3fbd258fb3df69007fc7a22c0472dd31dcbb"
"","41","","3bc6cc1e63afbb08bf78f9dc8785d67dffd1be60"
"","3","","06311ed1ced891f0b360a25b352cefafa0d98c46"
"","37","","b5669512b1a4f34396c2793d5a9125a9d14d8d6a"
"","15","","6435b169ec774e590d104dd9868830c1ed3c8037"
"","5","","4c5b4af04d779394fff544d91ca37d4ed8aa36e9"
"","8","","6b68dff90185efd6dd618fd315b5325b9fd0df16"
"","4","","8510838db10427d4af0fd003c04d434e762ab363"
"","3","","d249fd9f84910ebc23bc580fc436965893d32c3b"
"","2","","fe0d910a7de68710171bfcc994802fe8a840c547"
"","15","","d70729215fba1d54862e407b626abf86ddf409bf"
"","35","","21b0458291b05f02a12a216123386969b552576e"
"","33","","297b22f5856482fb5b9b464ce58ea760900c7677"
"","13","","fd87a23d34e1df139ac511c9bbcfdda1ba59a232"
"","5","","401f0873944fca21eaa32fd31dfab24e6a0b1358"
"","65","","4331abed26bb3bbbfb80957ec9a8c015b5d00a8b"
"","34","","50565f9853926501bd1c9bda07c6a98f4d940691"
"mkdocs.yml","9","","aafdde7ef8e17c6b6946b1759dcca8a68b491879"
"","3","","26b249435ee31db45b247708c5b2e02fb93ff058"
"","38","","ddd8a54230ed47c7315b8569ef28958b62fde3bd"
"include/fmt/std.h","2","","586ea06f02dd806315602944880d958d287ace34"
"","2","","2c3a5698ef4956568d378148b6e271dd70868669"
"","4","","dad3237514e53b5e163b3bb9153f1edbc2db9738"
"","5","","880e1494dc6da85423fac76ff726f152d103cc76"
"","5","","141380172f05adff3cc4e565e577d73c4b9220d6"
"","4","","9600fee020e4166d31adf3e90489acf9625bde02"
"","4","","ff9222354993cdffa0c5fa07a3e79ec11a24f86c"
"","36","","3b70966df5b88fb9c7c6a4c620ab663723802c31"
"","22","","1f87b1c58d2d466b283f282211b732a4e3987659"
"","11","","07e70151d5764f4dc7a3cc81efdb65b1607dda0d"
"","6","","22d50c1a9c23a65ce56086a3eb74dbe29aede957"
"","26","","8c4cfab57add08231c14c6c8b532ce1f11d6a6c3"
"","9","","64a6c8459282de9cc2d8bbf8025a28d2aa6ccb05"
"","14","","b906c321f0670c6bfc4cc999d5362128dc906d53"
"","14","","50a8c3e9bfacb6a6b1a3ab742d9014d731acd329"
"","9","","7891699737dbf4fe0bbde1ed14a40132c4b53ad4"
"","4","","a80d668a52a92b67e01cdf59622454b31c4059c3"
"","74","","a96259701e1d16e2f8c8299c668e863ec0ac0119"
"","2","","24c1f886afc35278ba95556345adcb9804f4c4f1"
"","16","","18a9676d958a861a24fbebbaceb1c6863394ab3c"
"","8","","514b6955d22be65a72dfbae526ab75330382c75e"
"","2","","c00149f5e2928eb1b659909e523c4eccde4106a2"
"","12","","71244e07debc956afc833a65b565bf563a83d8f5"
"","16","","febd8ed5fee269984405c5502a19224c5106c610"
"","4","","8687315e86e739bbd8b6deb035f2fc7c4e4a6907"
"","150","","728f9bc388b737eb7a1134ca9586ac28ce67125a"
"","15","","028bffa0830a8c0aca1e8b1c57ee25812cd61a56"
"","57","","116a9ce4880f1c74828447f8563657a57130c3af"
"","13","","45b772f85c0c8ef95cdee73a2f33ed5d69739e28"
"","4","","c0dac83982870b693b90c2aa7f7d3b101ea64deb"
"","8","","bb882c03bc15d893a6059ef52d25d18bc4d3e33e"
"","27","","73f2b344b2033b609ebde341650c88bfffe3af82"
"","6","","0166f455f6681144a18553d2ea0cda8946bff019"
"","66","","e5bab8dab424151a260847eb295fd18e0a3047a0"
"","4","","06fc25f2669b2112630dd3693c52f6121ef94748"
"","16","","8510838db10427d4af0fd003c04d434e762ab363"
"","2","","7c163acfdaf92d31020f9b922d5e0fd1ebb736df"
"","8","","fd87a23d34e1df139ac511c9bbcfdda1ba59a232"
"","6","","a5ae9ae19d59a15def6538e55fd284c338f00f84"
"","2","","0641b844accb670ad8aee771a9db143d43811fce"
"test/std-test.cc","9","","f841ae61e2928d4f2c9adc7afa9d9f2eb47edec7"
"","3","","dad3237514e53b5e163b3bb9153f1edbc2db9738"
"","8","","3b70966df5b88fb9c7c6a4c620ab663723802c31"
"","5","","07e70151d5764f4dc7a3cc81efdb65b1607dda0d"
"","2","","22d50c1a9c23a65ce56086a3eb74dbe29aede957"
"","6","","377cf203e346f684df919f3046907af64ce5bdaa"
"","3","","d326c7298ac6804dba9264624c9df920c084d6a0"
"","24","","a96259701e1d16e2f8c8299c668e863ec0ac0119"
"","7","","728f9bc388b737eb7a1134ca9586ac28ce67125a"
"","1","","45b772f85c0c8ef95cdee73a2f33ed5d69739e28"
"","4","","c0dac83982870b693b90c2aa7f7d3b101ea64deb"
"","22","","c710bfa10ca436465cdcc8d2c9a8fe1ffb8b5fed"
"","6","","73f2b344b2033b609ebde341650c88bfffe3af82"
"","20","","e5bab8dab424151a260847eb295fd18e0a3047a0"
"","18","","fd87a23d34e1df139ac511c9bbcfdda1ba59a232"
"include/fmt/printf.h","6","","96dca569a1251ea77f434c2773d4db55c4b8a488"
"","35","","de28ef5f8674c875b7adcfe086790b4e483c65d7"
"","2","","ab8f9d5b0802fe139ce3214475e7517f1c985e9a"
"","92","","5345cfe6b321115c3835c38be6b1c02da23b26e6"
"","4","","4fa533c70e7b278f624bd8828d8d754e736cfc61"
"","2","","d980dd71713eece6728392c7080d041b46d4f7de"
"","4","","4f39d88650314bdfe7968bd3d4d082a6ddb085b9"
"","17","","b310a0d48bc2b9f176b3f0d4e42e7fc728ec703a"
"","6","","64a6c8459282de9cc2d8bbf8025a28d2aa6ccb05"
"","21","","377cf203e346f684df919f3046907af64ce5bdaa"
"","58","","b906c321f0670c6bfc4cc999d5362128dc906d53"
"","4","","9d946a2fc426f1e1c48c252e55dfadcacf79a3c6"
"","2","","8687315e86e739bbd8b6deb035f2fc7c4e4a6907"
"","63","","9b12491c1901b8b337093132479e8bf387afd31e"
"","6","","97117cbb51ce83905736ef4287645c99adba646c"
"","2","","38ba3d3993a078faffc2b58246f9f76edcebe7e6"
"","6","","116a9ce4880f1c74828447f8563657a57130c3af"
"","4","","ddf0b7d2b54750944c074de6478ccf83dabfdf48"
"","37","","8510838db10427d4af0fd003c04d434e762ab363"
"","14","","e954823531bf075d4978c499f84a24ea2aaa39da"
"","20","","fe0d910a7de68710171bfcc994802fe8a840c547"
"","43","","f9294f0e608c85857402db10f7f46085b8a3c748"
"","19","","971f7ae7689f418bcd32e8bab95dda4db6442e61"
"","20","","6af30d8f75d3a29dd91dacfe77be052991b8a65a"
"","14","","23e8109d8d4276f4d19394ac2d44d49701b9406b"
"","3","","0641b844accb670ad8aee771a9db143d43811fce"
"","18","","068bf9bad8a6f96a9a47477939b4699f14ebeac5"
"","4","","0b39d67103025c4b15c424ff5e2ce4ce7399edd8"
"test/args-test.cc","14","","7c50da5385cb9e67e9be37544caa1649fd466dae"
"","6","","4c5b4af04d779394fff544d91ca37d4ed8aa36e9"
"","14","","6c3b2d491e23a3fb8eb2bc998acfecb53b19171f"
".github/dependabot.yml","4","","a57b0194a609a96bb29e28ae391331801d4e1675"
"test/unicode-test.cc","2","","0335312320e8093fb1186cb45f60daccf8c161f6"
"","2","","a6ecd25b808aff5fe5313b40ee1ee6b7b6dba37b"
"","2","","7d6ae972b982b9e660d0a272e5ed00d163f25bfe"
"support/mkdocstrings_handlers/cxx/__init__.py","310","","b5c8fd783ced18a29ac77aff04ee0f83008c0900"
"","6","","adb8e27db0a198f73496dc5d8b4741566b5e04e0"
"","4","","2c84fa9ac9c294fec8ae8fed767e568e6037fe68"
"","10","","8da0240dbc4446c081878c87c73b2a9bf0445fa0"
"","18","","fb9ee2ed65755e6825df451586feec9036706ae9"
"","13","","ab29ef37d9b973579ec9e8d889044d9d1c38e0f8"
"","22","","886237ae7b2344eba7975857307419388e2ac449"
"","124","","07141139742e4bb15624c27e65e3b63c78a64c62"
"","40","","03d14c3beb4d06d70aa7bb2e4cf381de6b350afd"
"","52","","a10e0321488ee9ada293002eeda1d8a57a6d63f7"
"","67","","f18c2b65c4681959c96b480551c93a94f170e464"
"","14","","e3910b8a9cdb8ab81979af39357eedd5deb94941"
"","53","","34b85678f9a53143694e6981ec56be14adece8c1"
"","19","","e5c07c8356ff36b6380d37533af9acc7dce8fd9b"
"","27","","933d8ba35279eeefcc0ad95e8879f21d201a3955"
"","15","","e7ba467e9b11166fe719809f4c32c7c3d795a330"
"","3","","6180442ed8cb05de47d96d5b2046fba15216bb94"
"","33","","418c5d09494a331a6b70bb31a88516ec160caa0d"
"","2","","26b249435ee31db45b247708c5b2e02fb93ff058"
"","13","","4f330567e16cda302bb8134c8c2eb66c5cd4af44"
"","168","","dc401b1c285a04a5942a593f67fee8f57236f811"
"doc/mkdocstrings_handlers/cxx/__init__.py","168","","dc401b1c285a04a5942a593f67fee8f57236f811"
"","125","","5735048b2da96f8f52ad87fad3d50a314f30fa83"
"","107","","2c38766fd5607196e1eca48b31a78781174fae4e"
"include/fmt/format-inl.h","2","","21aa0956d43297667762cf79347e4cda76ea3521"
"","2","","fc1b0f3486b8db0da34c10b544382471075cf627"
"","2","","1d066890c7f0aa1b3ffdc5b9a4effdb46957b8b2"
"","6","","891c9a73ae9a23ed8bffffb8753504b1f6f399d0"
"","2","","ff9222354993cdffa0c5fa07a3e79ec11a24f86c"
"","4","","80c4d42c66202abfe33c50ecf2231bdaedbca25e"
"","2","","b6a6ec7f1cbe68cad746b3db0ef2aad31dea1451"
"","4","","b90b4bc981ece26c31283ce18f9d50d38d600b60"
"","7","","70643b25111140c090c08385795fcf76e622b6da"
"","8","","967e2d177d67c9f63ed0a4ac852550ce20b8cbcf"
"","9","","c3344e21e270b960b2d0745765713da6f9587ca0"
"","1","","6aaf7f4b79e31b7409b2d0663129049e668a789b"
"","8","","b446cc9e67c346d5e2ffdbff4118a98b831c7a4f"
"","18","","f213d83306aafa2431be7dfb6749d887a8cb0e2f"
"","15","","b3ccc2d2100052b3a3079941febf2494caa07402"
"","75","","e582d377c25bfb391e5a1f27795e39389f1a9a05"
"","2","","439b6d7212d588bc4be890c17f50d4cbf19233a6"
"","20","","92227c77a4eed4c12f97f7916041ace4d5ca02d4"
"","22","","486838f26fd1192de9bc1bd9caa09896470118a2"
"","11","","2c0d9e9409fa8161b781ce9a67f12220d0605703"
"","12","","8687315e86e739bbd8b6deb035f2fc7c4e4a6907"
"","6","","1f436c646ed4f3ec2c5e2cfe958ed6f34aa1983e"
"","10","","116a9ce4880f1c74828447f8563657a57130c3af"
"","6","","13cfaa2ab03d681dc27ee23ae7e675842f32e337"
"","10","","3bc6cc1e63afbb08bf78f9dc8785d67dffd1be60"
"","7","","44c3fe1ebb466ab5c296e1a1a6991c7c7b51b72e"
"","50","","28afff363c8ff21f80f235abaab1702394a326fb"
"","55","","af44c29744e623a6583ba5d05ad5140c6c751f58"
"","43","","ffce3632b7a4538332d2cf5d5597b8ef7e6a1e77"
"","9","","6435b169ec774e590d104dd9868830c1ed3c8037"
"","3","","11ba1270ab4c410aab926d86fcd4554c208c2ab8"
"","156","","6b68dff90185efd6dd618fd315b5325b9fd0df16"
"","4","","8510838db10427d4af0fd003c04d434e762ab363"
"","2","","fe0d910a7de68710171bfcc994802fe8a840c547"
"","2","","b71ef65b6e333cdd7a7d3e7f7af3fd36b25381dc"
"","11","","fc8f6ba934268940feb655a06648069b1cdb6fa0"
"","2","","23e8109d8d4276f4d19394ac2d44d49701b9406b"
"","8","","f4a7d40dcaa0def8db2a873e53669344f2ecd667"
"","12","","ebd5c8f99421b1e7e0455b9c10060f38bb613121"
"test/os-test.cc","2","","377cf203e346f684df919f3046907af64ce5bdaa"
"","55","","dfe5b12c08dfa803fe5a275b380991df25f4b52d"
"","3","","50565f9853926501bd1c9bda07c6a98f4d940691"
"","40","","c14238503392f42586ad79ad312446d9262881ff"
"include/fmt/xchar.h","27","","21aa0956d43297667762cf79347e4cda76ea3521"
"","8","","5a3576acc88cb0947cb68f7f46c320aae6f44090"
"","27","","ff9222354993cdffa0c5fa07a3e79ec11a24f86c"
"","3","","538d8777e56cb2af05f053835379eb465a93a5b5"
"","2","","0335312320e8093fb1186cb45f60daccf8c161f6"
"","4","","689ec7a087cd3c362f74aa13b8faf801910f51cb"
"","7","","1bde49e545ed8eb4af96b320635dc42e0d4530f3"
"","4","","ab8f9d5b0802fe139ce3214475e7517f1c985e9a"
"","30","","6f62db098a391436be11644ed9e0b55e7964e8d3"
"","2","","0cc20f56398ab12b2ec00b37165e70baba032e61"
"","12","","967e2d177d67c9f63ed0a4ac852550ce20b8cbcf"
"","48","","047bf75c245952350a333f943ec9d2993b71b8bf"
"","19","","cc3ff1529d2c823f0bd2787d1f29da7e16fbaba5"
"","2","","f5a16a484bdf072959dc27ea18dc0ec534eee251"
"","13","","e2b723870787da77c040f5e705882121d618aaef"
"","2","","64a6c8459282de9cc2d8bbf8025a28d2aa6ccb05"
"","3","","6797f0c39a4ef13061cbc3bb850c35af7428fdc4"
"","11","","febd8ed5fee269984405c5502a19224c5106c610"
"","4","","8687315e86e739bbd8b6deb035f2fc7c4e4a6907"
"","4","","38ba3d3993a078faffc2b58246f9f76edcebe7e6"
"","12","","3460b30fd5c13eaccb7bcb1d81195654ea17181f"
"","12","","ee0c3351a4d47ca89090b8a7458846288b18efca"
"","6","","116a9ce4880f1c74828447f8563657a57130c3af"
"","4","","12acd7988b5eef3df060f321f61982221ec45d26"
"","7","","4b6b32f3884b41c9e13467bf9b0e3022a4d84f1e"
"","3","","8510838db10427d4af0fd003c04d434e762ab363"
"","7","","971f7ae7689f418bcd32e8bab95dda4db6442e61"
"","14","","da7a232b9e5258ce63a06d999bd72c021999ffd4"
"","4","","fb66131efae3796a301cb30fca22f12433e63780"
"","22","","6af30d8f75d3a29dd91dacfe77be052991b8a65a"
"","6","","48d7fb265bc0c51a7bf8282b41536853182a8c21"
"","9","","1e938dda200e8f262bfbec31e291d639c9bb3c38"
"","61","","2e5b14bf603429a08ab9480bcd1fd537a2fe8f16"
"","6","","e0b604beb1829575d60634d81ff2c9e4a1076aae"
"","2","","f2c55f6bb8a487fbb524a992da63fd0f94045b41"
"","7","","50565f9853926501bd1c9bda07c6a98f4d940691"
"doc/usage.rst","250","","b6638f9c297cb0ebbc635a2ec002b6647b98c7af"
"","4","","df6e7b22f7fef9c37736b3718c5ccb357df7dcd2"
"test/gtest/gtest/gtest.h","7","","b6de66819e1e7492075a5c74e438c3b1967ad3fb"
"test/format-impl-test.cc","3","","52eeeb52a60ba5fbe758c00e6e6a7942f6d0bda7"
"","4","","8523dba2dc22f883f59ccad89105d84319f3979e"
"","2","","13cfaa2ab03d681dc27ee23ae7e675842f32e337"
"test/ranges-odr-test.cc","1","","d0963d48234c1e52699944dc5f915c3113c1d57b"
"test/xchar-test.cc","3","","dad3237514e53b5e163b3bb9153f1edbc2db9738"
"","7","","880e1494dc6da85423fac76ff726f152d103cc76"
"","19","","601be1cbe784af4231b70870c48bea442767ea61"
"","2","","1bde49e545ed8eb4af96b320635dc42e0d4530f3"
"","87","","6c90b31fbd11f160017fe706c683c839d7d9c59a"
"","4","","f5a16a484bdf072959dc27ea18dc0ec534eee251"
"","8","","79e5ae919c3400ab57cad386ad6336640b1c614d"
"","4","","377cf203e346f684df919f3046907af64ce5bdaa"
"","6","","0b5287f8b7d6ab06ac112b7ec877f043e2eedf3e"
"","6","","ee0c3351a4d47ca89090b8a7458846288b18efca"
"","6","","c0dac83982870b693b90c2aa7f7d3b101ea64deb"
"","50","","73f2b344b2033b609ebde341650c88bfffe3af82"
"","2","","3a6fb2fcafcce0459fdf106c16b7d9bdb8a09eca"
"","2","","f9294f0e608c85857402db10f7f46085b8a3c748"
"","30","","d70729215fba1d54862e407b626abf86ddf409bf"
"","3","","fb66131efae3796a301cb30fca22f12433e63780"
"","24","","0641b844accb670ad8aee771a9db143d43811fce"
"","6","","ebd5c8f99421b1e7e0455b9c10060f38bb613121"
"doc/basic-bootstrap/layout.html","24","","f4e1ec81e25fca3ce93ab40627530937f184138a"
"","3","","766300b3c6f6d1cc5380acf9c53c5f87fa613c17"
"doc/ChangeLog-old.md","3290","","6ebbaf4b4d1e68ddf10739c1ea05aeaa371d7df4"
"include/fmt/color.h","6","","02c5d637c5ca02c62d7346537e131833d8d78d8a"
"","18","","cc3ff1529d2c823f0bd2787d1f29da7e16fbaba5"
"","9","","158893b384aeb71f4a2ed7d33dd1fb9b488bc487"
"","6","","cad876be4c854d0bcde239a80de87edc10bec8d4"
"","11","","6e462b89aa22fd5f737ed162d0150e145ccb1914"
"","102","","ab29ef37d9b973579ec9e8d889044d9d1c38e0f8"
"","10","","97117cbb51ce83905736ef4287645c99adba646c"
"","20","","6321a97d6bd1096274b4e1b22f6210cc9031cab4"
"","6","","da7a232b9e5258ce63a06d999bd72c021999ffd4"
"","65","","2e5b14bf603429a08ab9480bcd1fd537a2fe8f16"
"","2","","f2e43f967c3ed49aac5219f0d9e2b8415d533990"
"doc/_static/popper.min.js","6","","95076981f781975b35c469046d2fdfbabdd863b5"
"test/add-subdirectory-test/main.cc","2","","79f1506fe3a7fae7c22c55d3cd7cdc33bc536dae"
".github/workflows/scorecard.yml","2","","5676e408f54383024e7ef8d20a253d9de891e1c2"
"","2","","71d24b564d7ee8134f656639fb44c4db2ffabd50"
"","2","","00649552a8f249524f0f5e5422bd7b3f0985aca2"
"","2","","c90bc918620b9b15d922f51f5f46667f9f588668"
"","2","","d4aeca9922dbeb7bfb9264249a31f27aceec577f"
"","2","","eee93ddffa86b87c775380572a50d08550d895ff"
"","2","","3bf26009e4da4528b48ff792cf656dafb49653b0"
"","2","","10f12fd3d270f303c2c1ddcfca7f834a68327ece"
"","4","","dd3b3f937b4a450c5d9782e8c8ab8deb9320abc8"
"","4","","03d14c3beb4d06d70aa7bb2e4cf381de6b350afd"
"","2","","416ac0fc7b6f668b2817bf0bd6769484807488ff"
"","2","","596add899300f1055018fe247972df19ebece6e1"
"","2","","17062a0c9b480e2fa70427050803245197c6f789"
"","2","","88d3997f5e39dc1708c993496fa4891547cf0cb6"
"","2","","843e2935641fec06c26d949f0e54154cf9fa0a0c"
"","2","","09935d82390440cebf80ac427548049d79d29ff7"
"","2","","4fcc317dc9828bc75ede10a4d424fb7dc3e08989"
"","2","","9f5f39cb50769559e3f04cd0fcb5bae58b269c52"
"","2","","ea581437e57f6085df3eb1faef72a2c9971540ee"
"","2","","0c345dccd23e58ee0eae1d4e46cb4ab82bf8a668"
"test/util.cc","9","","377cf203e346f684df919f3046907af64ce5bdaa"
"","9","","c14238503392f42586ad79ad312446d9262881ff"
"doc/fmt.css","6","","9653eed8e7142d540f87d588354ad917e124f651"
"","6","","2c84fa9ac9c294fec8ae8fed767e568e6037fe68"
"","6","","8da0240dbc4446c081878c87c73b2a9bf0445fa0"
"","4","","2392367efc3d149f4e0a392222db7eb721a3635c"
"","30","","1ac9b317f2e3b2d8eb3161be136e9784362f5cde"
"","4","","febeb51bde02d30e188fb1016ecd7ec6d3207c36"
"","6","","933d8ba35279eeefcc0ad95e8879f21d201a3955"
"","3","","26b249435ee31db45b247708c5b2e02fb93ff058"
"","9","","6e49bb887ad2f9a55eebb258ce3f5945718df24a"
"","9","","551aa8d510c0687c84bb9443d913b16114ace4e3"
"support/python/mkdocstrings_handlers/cxx/templates/README","1","","b5c8fd783ced18a29ac77aff04ee0f83008c0900"
"doc/_static/bootstrap.min.js","6","","95076981f781975b35c469046d2fdfbabdd863b5"
"","6","","5dbd7fd7709d97516773c69691cbd6781014c9f4"
"ChangeLog.md","2","","123913715afeb8a437e6388b4473fcc4753e1c9a"
"","13","","8c1059b92ebaa2a7d19ac334f79f97ab01d0fe04"
"","17","","db30fb3b816709907d6a446f3b1c1d0552eba9ed"
"","2","","9cf9f38eded63e5e0fb95cd536ba51be601d7fa2"
"","16","","4946bdb7290bc641d4d3bf1be11fe989d8de248b"
"","4","","aabe63910c953469a39bda4be631fdc365d5365e"
"","13","","f90090be2c381b945fc5efcc913725e3b5fef873"
"","4","","06ad1224ebf48e419636b608bcf4a9f453fe2b53"
"","2","","8303d140a1a11f19b982a9f664bbe59a1ccda3f4"
"","4","","5750f434faab1c5e09eed3ff9e36cd735251ad2f"
"","21","","87e007267378b1957b03d3c7c5f40593944c9084"
"","2","","e3ddede6c4ee818825c4e5a6dfa1d384860c27d9"
"","4","","8d517e54c99b6e87117bd0864d3ba9cd06f6efb7"
"","5","","563fc74ae491a7d24f3636643ee018375de9191a"
"","2","","0e8aad961d66904cfda8d7cc894f6f6eee2d9f30"
"","7","","debe784aab24d80b065fbe164066c7faf87dca3d"
"","5","","f6d112567685f433dd1d7377ec89b5e450e2858d"
"","2","","08f60f1efc5db5de79361cf0362b21be1b5cb314"
"","4","","3f33cb21d2753e60f696bf757889e47db9582b20"
"","10","","b07a90386e19f4d6681f3fab7098483827bb5a3d"
"","12","","a6fba51773a7987e1659326363815d1d7eba96ff"
"","4","","25e2929988b73e39a0c2380e364a8b2979753ecc"
"","76","","00ab2e98b5eeb9a7352758c10d4a8b87b43c64b4"
"","45","","28d1abc9d239d6beac652502ce2d0c31fd007f5c"
"","47","","90704b9efd60100670e568d3bc3b76535df6f9fb"
"","31","","735d4cc05e46cfce1d544add51c1521c86b1675d"
"","57","","4302d74293620fb6ef1f1b1ad700d1e6dfaa5545"
"","31","","0f51ea79d328d0849c468aa94d8a412e345e09e2"
"","4","","6537fb439cb8ba6bb7c8aae04c4752579ee5fbdb"
"","2","","0c9fce2ffefecfdce794e1859584e25877b7b592"
"","2","","b47d662e7166b8379d8c1f44b514bb74a8d9e74b"
"","3","","0ad234ad131dd3b619a2e1d5607cf3218248a462"
"","7","","447c6cbf444a99acca078fe30f6f07b2a93868dc"
"","14","","bc8d32e9643d2be5fc070abf2a50bc021544545d"
"","3","","67252257504262398450aa1fa822e7729f531291"
"","5","","a43391199f7b4ec5cc93a5683167a89f6a65fae0"
"","2","","b50e685db996c167e6c831dcef582aba6e14276a"
"","4","","2208143accf0917f9952a536c7b135a89c61b681"
"","14","","232c6bc4815f4c57361a5cad4eafd21defc107e7"
"","2","","0041a40c1350ba702d475b9c4ad62da77caea164"
"","418","","e355c116f94d9150c4d9da5ad20c5218335ccec0"
"","426","","707bb5b369b998728980b9e781016a8427681c99"
"","10","","bd9af9a9f1477ed125b0b27192ce54278fc04b9d"
"","2","","165210890546bfcc843aa144e6fc27a6c3ea52cc"
"","37","","52e7b25f953f40425a8a8d3c96a4ae45866c8ed8"
"","7","","ff72f553e3cca747503e0bd4a127b2558ccc1140"
"","10","","2bf1b3004ef489d9e8696cd5cf2c9520a098f3a2"
"","96","","a245a8d4b9ff8a7d1f59b0d749f348021c60c506"
"","109","","b998b4711603c72df3303c8d3277802b741dfa11"
"","14","","a5c1b5d4407304bacdd27619f8226a4b734ac2e3"
"","80","","9b5d1826d4200f16528a38f9c0f6884e47eb5013"
"","44","","a3d95971be032bdae003e78b925d2c5deff304e7"
"","10","","a0495e3eb5a493e316ddecfd27d141ca39820649"
"","2","","cba5e8615a0c35c15e6ab31f63c23ac2457e008e"
"","3","","e9609dec1a4b3ec6e851d59b930b2d354f8e49e4"
"","3291","","6ebbaf4b4d1e68ddf10739c1ea05aeaa371d7df4"
"","81","","4e31d2dc61dcc1e6d9f48e235fdb54f85a53f5ba"
"","112","","fba06f0ee12506017c38d05b5915bd4c6afe93d0"
"","8","","83bf142378081e1ade8186be0a0913951847de2e"
"","8790","","595e54919b514469f540997d12c057724894178d"
"","2","","3a6fb2fcafcce0459fdf106c16b7d9bdb8a09eca"
"","2","","67c0c0c09cf74d407d71a29c194761981614df3e"
"","3","","1a95e5d1b41c638f5c27aaac153c1fddd366da5c"
"","5","","13fa26745d953c1900301edf80e6318f9f787f48"
"support/mkdocs.yml","1","","18a325f370ffd5ec1eda0087d2efc3dc9b3faf56"
"","2","","e845fc572e9ddcdfdab84876f1fa415b4e69e10c"
"","2","","0a555818d7b6f47a22ab4dd4b1515f8a6cdce52f"
"","1","","966a1b3d441959ac1dd32e4c8237af9f7ff3cf37"
"","2","","c636967c5ca11e621573bcbecb115f817981499f"
"","3","","c0029b9847b6d04f4422f19c60a9f645d15f9931"
"","3","","dab1a65d2c37920455330d49e5396b25179e25ce"
"support/python/mkdocstrings_handlers/cxx/__init__.py","2","","f5a16a484bdf072959dc27ea18dc0ec534eee251"
"","532","","c71d03fcb0daf12823b23b448ddf700d38d1da3c"
"","101","","c98518351efd5a46f5d448e947e0b7242d197d07"
"","2","","2952130cbcbb04edc16ea00fbdf1051bf24f67b7"
"","8","","1e94a463edc58648351e9c301950895895e7c7e1"
"","4","","a34120329a31d6664b3fa506371f8ad6a5778aa2"
"","5","","ea1187f4c8f05a07e89fa941d9cb77b2bed72bbf"
"","7","","709169a4d8dbf60a1109f9b654cf75b57efdfd97"
"","10","","3620c174a61647b032a7bfe5cf8fb02610423c3b"
"","3","","ab6b257a3908e1aeb247a09964e1b8db422c5890"
"","310","","b5c8fd783ced18a29ac77aff04ee0f83008c0900"
"support/bazel/README.md","71","","a4715c48b42e7abb92f9d624c4de39e95d78cbd1"
"","33","","97867e279a0776925477eb1f122db5ec7b836db0"
"test/posix-mock-test.cc","5","","d70729215fba1d54862e407b626abf86ddf409bf"
"","62","","c14238503392f42586ad79ad312446d9262881ff"
"test/base-test.cc","9","","937b7c5c10dadee2913b548041551828e7934eb7"
"","29","","b1a054706ee5b7989afa978b3f7a48a601556775"
"","14","","1c5883bef081a5cce75bdc4dab0ce922d3bb600f"
"","6","","0e62e5dc7cd1132020e209023d919f8325d6d539"
"","14","","de28ef5f8674c875b7adcfe086790b4e483c65d7"
"","34","","5f438c967e03daceed099f3b6b820e316a55cc80"
"","1","","3df47a467717580aeaa01a4c8e3963939bf343f0"
"","59","","a8bcf81f72fe2b73e326a5d9b0525361ec62786d"
"","31","","4eed488c66319e809cd8f711ce89eb004d9ab99c"
"","4","","bc3af512720da527690c58d2edab4ca1892b1f1d"
"","9","","60740b7c24030b9fde5e7288e1cf41aef84fe7ba"
"","4","","7c66216008b323888e485d53ede9639d66a8f8e5"
"","2","","b310a0d48bc2b9f176b3f0d4e42e7fc728ec703a"
"","36","","377cf203e346f684df919f3046907af64ce5bdaa"
"","18","","b906c321f0670c6bfc4cc999d5362128dc906d53"
"","4","","50a8c3e9bfacb6a6b1a3ab742d9014d731acd329"
"","21","","0ce49aeb4a537e618e6760328d8c8b9fa68458c7"
"","2","","8445327c84dd0bfd23646dc2d92fed105b8fae8c"
"","8","","aff640c32f9ada045e4f8c289119fb104e5c4290"
"","6","","524ca1c7154fbca58548aafe7d7eedff36bda9dd"
"","4","","3cc32fdc8b01fd54fd415d8a76931bfdcc232b52"
"","12","","33e7ed1eb5bbbd80ab4efb5495dff54dd1d83de6"
"","8","","13038f37e87efa44e2a1409f41da1fa7c02fee7d"
"","42","","edde9731260d63de0e5f38ad58b7e99587d7d93c"
"","10","","b1efe8516e20c92da4fc3e96827ac9f5236554a7"
"","59","","598e5180857954bf4e8f21f2a8c526691a071af1"
"","70","","1752d7fbbbeb5ae2fb30bad5f370a03c3f82e7c7"
"","12","","e281749c5de4c69dce12f78ec5ceb08ede49a8c9"
"","46","","13ec66bf78815ca791e24a36e96a0edb9f98184b"
"","2","","e954823531bf075d4978c499f84a24ea2aaa39da"
"","2","","f9294f0e608c85857402db10f7f46085b8a3c748"
"","822","","f924d20dbd811f6c50bcb7ae1101a2e6da78107b"
"test/no-builtin-types-test.cc","24","","c68c5fa7c75131268f794390e5207575372a0ba3"
"doc/contents.rst","10","","0b0a05770fa3464616238f263a3033fd192f020d"
"include/fmt/compile.h","14","","94ab51cb8c63c93220f0cdd1733bdeef95e77d60"
"","18","","f2cec917dafffa45d5cb4573c68fdf706e2b5413"
"","2","","8523dba2dc22f883f59ccad89105d84319f3979e"
"","6","","2b6a786e3507a9a5a856cb58c09413acf212c7ed"
"","5","","6bdc12a19946794a3c653854def5cf0fc09b49b1"
"","2","","9ef160d30942bf20952d511e9542b33e777b1dbe"
"","8","","64a6c8459282de9cc2d8bbf8025a28d2aa6ccb05"
"","23","","fec2cc7af103aceb475480908859a30474a2fe6a"
"","2","","6797f0c39a4ef13061cbc3bb850c35af7428fdc4"
"","3","","bbf8b3bd01781ffce7b933786d2a95d98b0755aa"
"","19","","50a8c3e9bfacb6a6b1a3ab742d9014d731acd329"
"","3","","5ee14d35087b3e30879de0ed12c13b957cbccea3"
"","9","","ba36a04811c5f73681a8e1c1e28539182e6a211b"
"","6","","f6b4a23b83b36946072398bd04b7c7810df2d213"
"","2","","8687315e86e739bbd8b6deb035f2fc7c4e4a6907"
"","10","","fad0222a0c85106e358601b0c765ca5b0229bc9c"
"","66","","ab29ef37d9b973579ec9e8d889044d9d1c38e0f8"
"","2","","97117cbb51ce83905736ef4287645c99adba646c"
"","20","","07141139742e4bb15624c27e65e3b63c78a64c62"
"","2","","fcd3e1e19c8d2df94bb6cb40d7f1c97a9872cf2b"
"","4","","116a9ce4880f1c74828447f8563657a57130c3af"
"","8","","da0f84c42cd608c4938ece93762cacf9ac5ff3da"
"","2","","b71ef65b6e333cdd7a7d3e7f7af3fd36b25381dc"
"","3","","ebd5c8f99421b1e7e0455b9c10060f38bb613121"
".github/workflows/lint.yml","10","","a18d42b2082e875723ba9771eb0570e22087ee3d"
"","2","","c90bc918620b9b15d922f51f5f46667f9f588668"
"","32","","42d3d703b580d11732267b7ea6b6b18ba0802c7b"
"","1","","ccea338070c795fd966a4dc08b19268b6fbad5ef"
"","2","","b61c8c3d23b7e6fdf9d44593877dba1c8a291be1"
"","2","","db9365a11b0bcf6be044f8a98e9db17eea35374a"
"","31","","c71d08fc225197fe2c891d00200a1e2149735291"
"","2","","dd3b3f937b4a450c5d9782e8c8ab8deb9320abc8"
"","2","","03d14c3beb4d06d70aa7bb2e4cf381de6b350afd"
"","2","","416ac0fc7b6f668b2817bf0bd6769484807488ff"
"","2","","27dd1dcf08275e65691fa1deeab1c67e0ac7ab95"
"","2","","3649c3954fd4c57db5bee35e59d428acb27cc4f9"
"src/format.cc","1","","e5b20ff0d06ec07d78e68030cd4a8279f7cc3ea8"
"","2","","b52fb988463e41789a0e98e282743a79def10edd"
"","1","","c3344e21e270b960b2d0745765713da6f9587ca0"
"","1","","58aba5a3defb6e46031392f1a58156d093efe5e0"
"test/chrono-test.cc","31","","ed8f8be70d82b0a081286e262867956e565c1bf6"
"","2","","79e5ae919c3400ab57cad386ad6336640b1c614d"
"","22","","377cf203e346f684df919f3046907af64ce5bdaa"
"","8","","7bd11b5cdfdfd17573494ceb78058f4a79ae0b08"
"","22","","ca8eeb09eed72e4bef26fb1d3d8e89b46a15bbba"
"","10","","c70e7b7473728509f72d53325f83ae4d68b13e0e"
"","33","","71144eeaff2199dbf70a2dc1675f21c731da47f7"
"","14","","74a187288bbf10e2eb7bd6282715530392e8a2a2"
"","14","","34f415b56ea887bca5c53b3274a3e5d0517bdb94"
"","1","","470c4e6ca8d648a70f0071fa7c81b15fbc4556a4"
"test/cuda-test/cpp14.cc","2","","79f1506fe3a7fae7c22c55d3cd7cdc33bc536dae"
"test/core-test.cc","822","","f924d20dbd811f6c50bcb7ae1101a2e6da78107b"
"","12","","d70729215fba1d54862e407b626abf86ddf409bf"
"","126","","4331abed26bb3bbbfb80957ec9a8c015b5d00a8b"
"","2","","79f1506fe3a7fae7c22c55d3cd7cdc33bc536dae"
"","16","","a5ae9ae19d59a15def6538e55fd284c338f00f84"
"","5","","23e8109d8d4276f4d19394ac2d44d49701b9406b"
"","7","","df67df7b4c640a23905c4909490f42dc0707db48"
"","23","","dbdfc99fa1cfe9e389c320504dfa4463bdf28b00"
"","35","","c9d233c0a4104e5b59420e89c2796f2a4bafffef"
"","12","","63ce1708532b7f884541d536ecb1caf3c11dd9ad"
"","28","","068bf9bad8a6f96a9a47477939b4699f14ebeac5"
".github/workflows/linux.yml","2","","c90bc918620b9b15d922f51f5f46667f9f588668"
"","6","","5cdef7603496eca8c3970176dc766ec31bf4b948"
"","7","","1e0771c70a5fdc8c95e4dc5f800bf6b69f09e2f9"
"","4","","516a2e204921589824be0a7566be85c223e18ec6"
"","17","","db496b47c1c5abe963f1dddcd52e26aff7b5910b"
"","2","","d175db8f5b598c553d3b408d4de9cb49b5aa4bf0"
"","2","","dd3b3f937b4a450c5d9782e8c8ab8deb9320abc8"
"","2","","03d14c3beb4d06d70aa7bb2e4cf381de6b350afd"
"","2","","416ac0fc7b6f668b2817bf0bd6769484807488ff"
"","9","","8ee6c9401471b402e2e33f4671edcf74af33e20c"
"","4","","0b5287f8b7d6ab06ac112b7ec877f043e2eedf3e"
"test/compile-error-test/CMakeLists.txt","28","","f5a16a484bdf072959dc27ea18dc0ec534eee251"
"doc/fmt.scss","50","","ecd1559732f8c00e7d62c88872cde8298bf5d006"
"","21","","7e4fac3f4feb5b0bfd8d4bf8b0bad8a7e617c491"
"doc/api.rst","688","","19927462497c249d8aa01293da0e1aacace51686"
"","2","","a3e0931ea2296b516bfda47c901eefa5ecb3f046"
"","3","","51eeccd0fbfcb197afbf45881a7f81f2ee12c13e"
"","10","","f30f1fd5141dd22afdcd32fafaa1f58f10bae8fc"
"","4","","c17816cb4ab6c834a8e35f9721ca05e1719d637f"
"","6","","2eb363297b24cd71a68ccfb20ff755430f17e60f"
"","3","","0147e08225db261f5689fc17a986ede7f1db56f0"
"","3","","d249fd9f84910ebc23bc580fc436965893d32c3b"
"","7","","56fa4d61f6e0ccf3ab5610ee81165a91ed33d664"
"","12","","1b55d10305786a37b767adb6a92caf84a9ae3ef3"
"","18","","5d9d376d49f8d5591b50a36927bae550534881ba"
"","12","","6064b85c103c5d5be652e9bbf96416e885e4c7e9"
"","16","","cf8426cf8cf611f4ea5bc7962a17e493cf2ba59a"
"","5","","e915d52162397c66164621364ea9673880248937"
"","11","","baea8f6906fe2c1d8b70d49d647df65d3f33cf05"
"","2","","eedfdb4c5cd4fb63985d29a67548e50e38bfa510"
"include/fmt/format.h","26","","52eeeb52a60ba5fbe758c00e6e6a7942f6d0bda7"
"","4","","5f0572acdca120e11f6d810765d7a6a3c593fcbb"
"","2","","898d43857139bd2522b547eef6859753af5dc535"
"","2","","586ea06f02dd806315602944880d958d287ace34"
"","43","","21aa0956d43297667762cf79347e4cda76ea3521"
"","13","","2c3a5698ef4956568d378148b6e271dd70868669"
"","14","","dad3237514e53b5e163b3bb9153f1edbc2db9738"
"","14","","feb72126b438e670e7f6474b9f211b6114ed68ba"
"","2","","873670ba3f9e7bc77ec2c1c94b04f1f8bef77e9f"
"","8","","385c01dc7b23481246e3a0eb7cdb1e8495285e87"
"","20","","a6c45dfea8030817c07d8020113702eba54cdaf5"
"","2","","a35389b3c238208f979be7ea81d81ada807d3cd0"
"","4","","542600013f346f03417ae4e0f1b8dc64df5da3d2"
"","2","","720da57baba83b3b1829e20133575e57aa1a8a4f"
"","11","","680db66c3a78cd19bcd99ed99cc1973d73ff4dc6"
"","18","","56ce41ef6368dfbe7d6aefe19d20365bd601a3b0"
"","9","","cf50e4d6a4062688a792d03d7d44132b43e36db7"
"","184","","6580d7b808ea9f2c931399e143ff415860c0f649"
"","41","","7e73566ce7bd3617cd4b14a2e3a19a2a30b524c7"
"","12","","8523dba2dc22f883f59ccad89105d84319f3979e"
"","5","","e3d3b24fc1763368a1310445b0666f1d604bdc0d"
"","22","","4b8e2838f0767793e060135f4824c4114e285678"
"","37","","7d4662f7ab39f70107b6e8899bcc4076fe947a39"
"","40","","27110bc474b564b57868c6faebc6e46a6e4b22ec"
"","3","","a16ff5787b104945f735b1a2250b85c441a1af8e"
"","17","","6bdc12a19946794a3c653854def5cf0fc09b49b1"
"","8","","786a4b09682a5823915489fa6988bb64cab98c8a"
"","10","","e62c41ffb04d3e9cbe83e961292b85eeeaf4095f"
"","2","","18792893d8f1befaa7614a02f5a49e50f62f22c1"
"","16","","c95722ad629092b7c5e8bcc4ce4019c413f53711"
"","6","","db06b0df875856968c562d564b595a4e2861144e"
"","43","","b9ec48d9ca60253ca295910e9078566090d98135"
"","7","","3faf6f181e4b277868578dd97034aada145aee8c"
"","78","","d64b100a30f5e3df9f7fe08cfdf3d89ed755ad6d"
"","33","","96dca569a1251ea77f434c2773d4db55c4b8a488"
"","90","","891c9a73ae9a23ed8bffffb8753504b1f6f399d0"
"","3","","9282222b7de16eac7afe03b2a2375104257e1ca4"
"","43","","ff9222354993cdffa0c5fa07a3e79ec11a24f86c"
"","2","","80c4d42c66202abfe33c50ecf2231bdaedbca25e"
"","5","","05226c4bd9ebbfff02d3c5a86c03df5b8b83c425"
"","36","","c283b458a512077511d21772a4d8d42705189add"
"","13","","a197a994c5a2363bc93bcff41bc77390802051cf"
"","2","","41977277125299adb7d21e5ec0f62e0367ae37f1"
"","12","","8a19b2db779cba178a96eb99da787d9451fc2a51"
"","23","","761d35f7632a1dada0be8e6e9d18a3ba16644f00"
"","8","","de28ef5f8674c875b7adcfe086790b4e483c65d7"
"","1","","50aac2ac92cd3defe2429110717a35f345691a36"
"","2","","0335312320e8093fb1186cb45f60daccf8c161f6"
"","62","","463fe65f173e4e1e7754c304b130d5b9e33220c3"
"","2","","1782a6eac0fc6ceabd9a529a6b8834bbb582ddee"
"","2","","b6a6ec7f1cbe68cad746b3db0ef2aad31dea1451"
"","18","","a1d6f9a973691a9919aa253dbc9895ccbbbe413b"
"","31","","1bde49e545ed8eb4af96b320635dc42e0d4530f3"
"","231","","ab8f9d5b0802fe139ce3214475e7517f1c985e9a"
"","185","","6f62db098a391436be11644ed9e0b55e7964e8d3"
"","12","","0d4e7e3feec84092fc8750ed1dc4febcabe702e2"
"","6","","8ee89546ffcf046309d1f0d38c0393f02fde56c8"
"","4","","61a241f03f7105c91dd0fdb378a372b8ce0a279a"
"","5","","0cc20f56398ab12b2ec00b37165e70baba032e61"
"","30","","5345cfe6b321115c3835c38be6b1c02da23b26e6"
"","26","","3e9fdb3a1fd931ea43229f8fc860d0ce67444597"
"","5","","3ada4aed2031aa734765e316eb9fde8022b036f2"
"","4","","b37be85bf1e142079fdeb4a96639b32f78770914"
"","11","","967e2d177d67c9f63ed0a4ac852550ce20b8cbcf"
"","11","","02c5d637c5ca02c62d7346537e131833d8d78d8a"
"","11","","158893b384aeb71f4a2ed7d33dd1fb9b488bc487"
"","21","","f5a16a484bdf072959dc27ea18dc0ec534eee251"
"","11","","cad876be4c854d0bcde239a80de87edc10bec8d4"
"","5","","106dc8fd642148828d63c69e9b534ccafd80f8d4"
"","128","","c3344e21e270b960b2d0745765713da6f9587ca0"
"","6","","5f438c967e03daceed099f3b6b820e316a55cc80"
"","6","","b4d1d7f8e6719a928f6eea0786dec296dc64b123"
"","2","","b4aea98b550ae38a39ea2f333c493380074f1ed1"
"","9","","894b71da853f23364660de204a09b78fa42fab7b"
"","21","","4fa533c70e7b278f624bd8828d8d754e736cfc61"
"","8","","d980dd71713eece6728392c7080d041b46d4f7de"
"","2","","a6ecd25b808aff5fe5313b40ee1ee6b7b6dba37b"
"","28","","9f29345ea097b1ea070068de255fb92a5d8fb646"
"","8","","4986b4c0efd0fad653463e867d068c12f42e9e0a"
"","12","","9ef160d30942bf20952d511e9542b33e777b1dbe"
"","4","","4f39d88650314bdfe7968bd3d4d082a6ddb085b9"
"","11","","8c4cfab57add08231c14c6c8b532ce1f11d6a6c3"
"","4","","7c66216008b323888e485d53ede9639d66a8f8e5"
"","2","","b310a0d48bc2b9f176b3f0d4e42e7fc728ec703a"
"","8","","985c3399d135d34d52a4216c5fd30544d7332f07"
"","39","","64a6c8459282de9cc2d8bbf8025a28d2aa6ccb05"
"","27","","516a2e204921589824be0a7566be85c223e18ec6"
"","6","","6797f0c39a4ef13061cbc3bb850c35af7428fdc4"
"","11","","53316903e64116cf0d53a7ab0ed17e8a76be7858"
"","50","","d8876b7787c6de62d660249b1d3b492b021d2b09"
"","19","","c0fab5e2f7c40234c14960873717fb5760fde1fd"
"","11","","64313e915c45a2a37045e7b65015e557112dc4b6"
"","147","","8e3da9da2c7e238baca1c8afb54f5241fdfd423e"
"","6","","2a2f73f7c197e41820757cea84d33d6875cc2f54"
"","19","","5eb023cd568d40cc161e54c0698dbfcb888b13d9"
"","36","","f213d83306aafa2431be7dfb6749d887a8cb0e2f"
"","10","","b3ccc2d2100052b3a3079941febf2494caa07402"
"","35","","e582d377c25bfb391e5a1f27795e39389f1a9a05"
"","2","","cd8d01d8cd989524ce35b1d9be41774dbe549a89"
"","41","","377cf203e346f684df919f3046907af64ce5bdaa"
"","5","","5a0a37340c0cb2712cdc6f8b7e8963cfb5568026"
"","25","","0379bf3a5d52d8542aec1874677c9df5ff9ba5f9"
"","20","","c59ee969f3dc230086e6269c523c2736438aa243"
"","4","","d1acc667c1b7b0df146f92a87cd5a9eaad75b6ee"
"","35","","94b8bc8eae1ac64ce2219afa8450f8176a0488e4"
"","20","","3135421257e71f456a4d745313d0be798354f34f"
"","60","","993f56cff6f0c3f03953cae44c44693ca782725a"
"","30","","c6c830e20344e753f2a221311978cd3510ac0aa2"
"","153","","b906c321f0670c6bfc4cc999d5362128dc906d53"
"","54","","50a8c3e9bfacb6a6b1a3ab742d9014d731acd329"
"","2","","98314319ad756cfd9cb83ca5d68692a4a47e3beb"
"","151","","9f269062a7ba1440d91c12f096a8cf3b91d6fbe9"
"","28","","15f939c3de44d4e7521432b0c9d82f9358b24c2a"
"","28","","928a07bb045c77d293c4a12372ea1b4aaf993cf9"
"","58","","7891699737dbf4fe0bbde1ed14a40132c4b53ad4"
"","10","","5ee14d35087b3e30879de0ed12c13b957cbccea3"
"","13","","b9c0e4dd82874d784cd8bd70457c595658483d48"
"","36","","8445327c84dd0bfd23646dc2d92fed105b8fae8c"
"","26","","8a06cee8262f0f5932254261233dd4d386d9f252"
"","4","","d326c7298ac6804dba9264624c9df920c084d6a0"
"","1","","aff640c32f9ada045e4f8c289119fb104e5c4290"
"","28","","16b3542f7ea47e8899da17709ce482e9ce273970"
"","40","","29d7e580598ecf7d3d5ecc6e8d5dfadba14cf132"
"","113","","919f7c5e7fcef52de47efcf85e811b4282d84da8"
"","71","","ffdc3fdbd90385429dd2ea6a774848e39d4f957a"
"","3","","0b0b09f4017f82d3e484a2285e712ae5b62139ad"
"","24","","4173a6315a8ebfff0cb1a61f3b44fb59ea785c52"
"","49","","4239dfe081e8cd7c9f294e55dc3c60279056eb21"
"","46","","ba36a04811c5f73681a8e1c1e28539182e6a211b"
"","8","","f6b4a23b83b36946072398bd04b7c7810df2d213"
"","20","","7f157dca0a7d98709b5b7ee4b4792bda9c05b19d"
"","3","","bdc45eef76c861642d0c326ce1c80169c5747ca5"
"","7","","de684ef776c888c6b89e23906d39094ec0f4de05"
"","2","","0f87d6ffa699e8135206c15aaed560ab67f685f5"
"","6","","f97deb0d7de845f43b27b6afb3ad65ddde0b95dc"
"","9","","3541353512a8cbbb0e8e92091fbcac6f633e3deb"
"","12","","5ef93a9f8055bd684a54e14e562ab009db401e0d"
"","4","","c9102619da70319a4a298699ce0eeb3221cd2d5a"
"","28","","7ae102bd6644c9a297067444acca4983e5995deb"
"","20","","febd8ed5fee269984405c5502a19224c5106c610"
"","2","","2a2048a7855fc2063e574eee54bca00eaf03c534"
"","7","","8687315e86e739bbd8b6deb035f2fc7c4e4a6907"
"","6","","a9b851763854ffb21e9569f18e0f34b4f661fbeb"
"","2","","ab29ef37d9b973579ec9e8d889044d9d1c38e0f8"
"","93","","97117cbb51ce83905736ef4287645c99adba646c"
"","14","","38ba3d3993a078faffc2b58246f9f76edcebe7e6"
"","28","","03d14c3beb4d06d70aa7bb2e4cf381de6b350afd"
"","124","","a10e0321488ee9ada293002eeda1d8a57a6d63f7"
"","3","","75e892420ed84a058f0a494d693a6baf5212eac4"
"","4","","8e728044f673774160f43b44a07c6b185352310f"
"","2","","7d6ae972b982b9e660d0a272e5ed00d163f25bfe"
"","4","","328d256c605d6f34e987629f1b33e52466c72f0f"
"","2","","8a8f4825a3eb93276f7e693c3c597619a7c6c1e5"
"","5","","cf1f55f7985c4dd53f32f07a34d8fad5cdb2dc61"
"","29","","116a9ce4880f1c74828447f8563657a57130c3af"
"","4","","5eb68c0ef25070fe21861c37e6f8458b08453588"
"","2","","4e8640ed90ac8751d4a8ca500b893cc8c4bb9668"
"","39","","5d63e87d235b86341f8d87f79ed8eb9825f34c44"
"","4","","aecec01b34aa3d1bb3fb991d4f75b0750508f9a0"
"","26","","5af88653eb9c57940cecad748e1192de1a1a0bb3"
"","7","","6c7cc6a06fecb1746c31cd76d147652fdf93124d"
"","38","","9f3fc6e38b1031fb531960c77634a7a7767a0584"
"","1","","ae1e93d34de6caff6f318abdb06ff0db33a00792"
"","2","","0879504796dd053ae6bd68a583fff6d643d781ad"
"","7","","06311ed1ced891f0b360a25b352cefafa0d98c46"
"","2","","71a4a8d47999e95f5e460eaf8cec894f60354a13"
"","4","","4c5b4af04d779394fff544d91ca37d4ed8aa36e9"
"","79","","b2cde48de5253cc0c8e866b06edfbdd295ba1b45"
"","142","","8510838db10427d4af0fd003c04d434e762ab363"
"","110","","090ee135952b870adccee7b0f96c122ef6661acd"
"","33","","e954823531bf075d4978c499f84a24ea2aaa39da"
"","32","","fe0d910a7de68710171bfcc994802fe8a840c547"
"","107","","f9294f0e608c85857402db10f7f46085b8a3c748"
"","16","","c98a5a599f890421623b59b22194ecc9f81e2f93"
"","26","","d70729215fba1d54862e407b626abf86ddf409bf"
"","8","","cacdf1439fa67a45dc82d2ae9cc274ed538b20e3"
"","12","","d0963d48234c1e52699944dc5f915c3113c1d57b"
"","100","","da0f84c42cd608c4938ece93762cacf9ac5ff3da"
"","23","","21b0458291b05f02a12a216123386969b552576e"
"","3","","df6a3564b0035dd3d0a8ceebd924201e9a1f24a6"
"","17","","297b22f5856482fb5b9b464ce58ea760900c7677"
"","10","","3c9608416aed5b6e671f06c5fd585860573bbce5"
"","1","","0cdee904a480f50c756bd05e752c4d067a823fec"
"","35","","fd87a23d34e1df139ac511c9bbcfdda1ba59a232"
"","61","","b71ef65b6e333cdd7a7d3e7f7af3fd36b25381dc"
"","7","","c5340539f94cf1517878ffa8a873c5138e8605e1"
"","8","","da7a232b9e5258ce63a06d999bd72c021999ffd4"
"","6","","6f5d53ce08ccbab53cf7928971bef1065068dba4"
"","5","","961df829b9a266adda89d3aa403d2625c5161e76"
"","2","","401f0873944fca21eaa32fd31dfab24e6a0b1358"
"","19","","4331abed26bb3bbbfb80957ec9a8c015b5d00a8b"
"","2","","79f1506fe3a7fae7c22c55d3cd7cdc33bc536dae"
"","2","","6af30d8f75d3a29dd91dacfe77be052991b8a65a"
"","44","","a5ae9ae19d59a15def6538e55fd284c338f00f84"
"","26","","23e8109d8d4276f4d19394ac2d44d49701b9406b"
"","12","","679af1f5cc0b8b6242fd92b89194ef69ee848e82"
"","12","","48d7fb265bc0c51a7bf8282b41536853182a8c21"
"","8","","dbdfc99fa1cfe9e389c320504dfa4463bdf28b00"
"","3","","c1d9e88402cf2755502df4db6de9e9a127f49edb"
"","10","","ae9b0b521bfd735c11afc20e2bdfb66f700ebbcc"
"","4","","0641b844accb670ad8aee771a9db143d43811fce"
"","12","","e0b604beb1829575d60634d81ff2c9e4a1076aae"
"","5","","794e1b6145e4286ca595ed91fbb16eed6f3aae7e"
"","19","","800a0bb23f0bb45bfabecb4236bd1a3f40f9632d"
"","3","","f2e43f967c3ed49aac5219f0d9e2b8415d533990"
"","8","","c9287eb9f7f88e94f7b0ae36a7969b2449df08e6"
"","34","","61f144bd61c8d4c6ecbb0b7e5582c559a52c0aa2"
"","1","","4687f8e37e8f6ebf2112445750ec21d85164abd6"
"","24","","f2c55f6bb8a487fbb524a992da63fd0f94045b41"
"","8","","c9d233c0a4104e5b59420e89c2796f2a4bafffef"
"","25","","63ce1708532b7f884541d536ecb1caf3c11dd9ad"
"","12","","4ec9c2906b7cf14075d98b6742920a681e746e94"
"","30","","068bf9bad8a6f96a9a47477939b4699f14ebeac5"
"","78","","50565f9853926501bd1c9bda07c6a98f4d940691"
"","4","","0b39d67103025c4b15c424ff5e2ce4ce7399edd8"
"","2","","ebd5c8f99421b1e7e0455b9c10060f38bb613121"
"test/scan-test.cc","6","","377cf203e346f684df919f3046907af64ce5bdaa"
"","12","","91b30e5b4ed57ff4ad43b399c5a761b36fc74325"
"","15","","e17bc67547a66cdd378ca6a90c56b865d30d6168"
"","2","","fe0d910a7de68710171bfcc994802fe8a840c547"
"","71","","3647feaad57b19e90526b4ed781b19babc53e266"
"","48","","e420a58f24dba97db0d1c5fca4273b81a669896a"
"","8","","123e058eb342e532fbe83c8b768331f7a97f74a7"
"","3","","d70729215fba1d54862e407b626abf86ddf409bf"
"","21","","c14238503392f42586ad79ad312446d9262881ff"
"","3","","ce3161887aed8e189bec195fac8993db38c3bc5a"
"","6","","e1aac4266399581fc376f0ae678a232aaf922bed"
"","2","","d33731d2027310d6246aec5b025c05e8b14dc8f5"
".github/workflows/macos.yml","2","","c90bc918620b9b15d922f51f5f46667f9f588668"
"","6","","1e0771c70a5fdc8c95e4dc5f800bf6b69f09e2f9"
"","2","","dd3b3f937b4a450c5d9782e8c8ab8deb9320abc8"
"","2","","03d14c3beb4d06d70aa7bb2e4cf381de6b350afd"
"","2","","416ac0fc7b6f668b2817bf0bd6769484807488ff"
"","3","","c8f1b4e7442aa594c3ba0e1122d3af008b71c1ce"
"test/perf-sanity.cc","5","","808ea0191a6bb4cdf4fb335aac685b35d8540480"
"","26","","e10643add21e9c35d41f60288f13352da754d2b9"
"test/printf-test.cc","4","","9d946a2fc426f1e1c48c252e55dfadcacf79a3c6"
"","10","","d70729215fba1d54862e407b626abf86ddf409bf"
"","5","","971f7ae7689f418bcd32e8bab95dda4db6442e61"
"","2","","fb66131efae3796a301cb30fca22f12433e63780"
"","5","","c14238503392f42586ad79ad312446d9262881ff"
"README.md","2","","2cb3b7c64b04fd99b700dc1a40cc5115da549359"
"","1","","e9cba690578efd7222234c04c822c41ad3e91dfe"
"","18","","6a192f8d34cbca3bf6a06575d8f159043d8c7f79"
"","3","","cc4d1245b864535d7f6dc1f623f7abff2da317d6"
"","2","","19afc9c3bb1ad216c65e5686068b1ed5efd6e546"
"","1","","6ff593b027b8891b9b69c12abfc3ab4c851bd5b6"
"","1","","78420bedddb3ce067f3cb606e91c6297c4b5d48e"
"","21","","f80a2bee1cd54789f0831b9b3262714599196d53"
"","2","","5f30d371027dc556a7e375031539bcdb9988c85e"
"","2","","9f73e45ca063fac298bc97ce88d24031a20cd61d"
"","4","","f73388f1ad81b48be84dfcca67eea7c6564669ef"
"","48","","08878044c6924afd5653d3399bbde4479e53fbb3"
"","10","","242bcaec04ef5139956bc460c0c0888aa3eae05c"
"test/ostream-test.cc","3","","d70729215fba1d54862e407b626abf86ddf409bf"
"","7","","63ce1708532b7f884541d536ecb1caf3c11dd9ad"
"test/gtest-extra.cc","6","","c14238503392f42586ad79ad312446d9262881ff"
"support/bazel/BUILD.bazel","4","","a4715c48b42e7abb92f9d624c4de39e95d78cbd1"
"","18","","6159e2b0ab58e6e22164272d22e929cbc9e34e22"
"","2","","97867e279a0776925477eb1f122db5ec7b836db0"
"test/cuda-test/cuda-cpp14.cu","2","","79f1506fe3a7fae7c22c55d3cd7cdc33bc536dae"
"support/bazel/WORKSPACE.bazel","3","","a4715c48b42e7abb92f9d624c4de39e95d78cbd1"
"doc/build.py","123","","75ab3bc2a09ba64f44281d002dccf49e8012bd67"
"","8","","95076981f781975b35c469046d2fdfbabdd863b5"
"","4","","362b40c1a31eba747dbecc2e3b4e8f6570f73ead"
"","2","","deb584c0e17aa0bd67cdd40fc63cc3d6611d9574"
"","2","","725992928b58d36b6e8873ea26485604211de767"
"","2","","baea8f6906fe2c1d8b70d49d647df65d3f33cf05"
"","2","","583729493cafb87b196f460005fbc5839e65dddd"
"","2","","67c0c0c09cf74d407d71a29c194761981614df3e"
"doc/usage.md","242","","0a555818d7b6f47a22ab4dd4b1515f8a6cdce52f"
"","242","","b6638f9c297cb0ebbc635a2ec002b6647b98c7af"
".github/workflows/windows.yml","2","","47a66c5eccc0cce71ad81b4a681a2032d86ca951"
"","4","","c90bc918620b9b15d922f51f5f46667f9f588668"
"","7","","8ed4a9dcc1c04cfaedcddc3ac25918cf35250f4a"
"","2","","34ead4b39e489ae93f6bc42dbd6b9f95f26985c4"
"","2","","3e3062c13bab7973d93e900c56823c9baf8e8291"
"","4","","dd3b3f937b4a450c5d9782e8c8ab8deb9320abc8"
"","4","","03d14c3beb4d06d70aa7bb2e4cf381de6b350afd"
"","4","","416ac0fc7b6f668b2817bf0bd6769484807488ff"
".gitignore","1","","251320fcb7feb20f03afab7bbdede9501c2a28ce"
"","4","","d29ceaf9155e1c124b04bcb52e393b5202ea3165"
"support/build-docs.py","58","","0434026a954d77349ae37b4abd4af5b9323a7bd8"
"test/gtest/gmock-gtest-all.cc","30","","5bf577ca58f8775f59cd14a9bc8a84b6eca862e5"
".clang-format","6","","5345cfe6b321115c3835c38be6b1c02da23b26e6"
"support/compute-powers.py","53","","76d57f93db3ead483f8454690300a47ff66fb623"
"support/bazel/MODULE.bazel","2","","86741b3e1cf381ab325ee40f761f6da4fd920fc2"
"","4","","97867e279a0776925477eb1f122db5ec7b836db0"
"support/rtd/index.rst","2","","06f8e02fb3a1af3d8ad8b17ee041e02826d802c2"
"doc/mkdocstrings_handlers/cxx/templates/README","1","","dc401b1c285a04a5942a593f67fee8f57236f811"
"","1","","2c38766fd5607196e1eca48b31a78781174fae4e"
"doc/perf.svg","1","","c636967c5ca11e621573bcbecb115f817981499f"
".github/workflows/doc.yml","2","","c90bc918620b9b15d922f51f5f46667f9f588668"
"","2","","06948fa710af01576f056e8ebbafa05f563b0e10"
"","2","","d9899492c14a827cf039ff1fc6992b5ebe5b5af9"
"","2","","0882bfef2a29f94e340215e9c88b3056746fb009"
"","4","","bff1de15e7472dc49d86d1b0aaf07a5c4982f3b0"
"","8","","90932dd20d86adc7fd3ff830c33509859af69632"
"","8","","232c5e8547ab79ec35b09556d61888439c919188"
"","4","","26cdd1cb3093ce14dfa6489bac66a23b7f38878c"
"","2","","ad34d4df95fd2a767800b9c1271644bdaae64710"
"","10","","f796264449dadcd948e66104fa52e7972e02029a"
"","1","","f332a81b7226277b58bc631e2efce8687afffd0f"
"","2","","33a1de57af3a7b40b07e94483bd47ab8b87e8eb2"
"","2","","c7252b33447341a8886168778bc5462b9d6a5623"
"","2","","3f71b606680189f69e312e789dc542b0194bdf8e"
"","2","","215ce4d9795eed6dfe4482820da9d7003be5e484"
"","1","","89f3a810ec954210b851f2c0184713c9fac29259"
"","2","","1f170d3fe01d269f04a9e342b4acd8de6187ced6"
"","6","","d175db8f5b598c553d3b408d4de9cb49b5aa4bf0"
"","3","","a8cfc0cc2c7b913649dfa4e98814cfedd9dc3e97"
"","4","","702b6f3788c4e0fbc53e994790fe7ddd8574cdad"
"","2","","d4a8d26c557cd276c4511579a89b40525771a687"
"","2","","b5c8fd783ced18a29ac77aff04ee0f83008c0900"
"","8","","735a613821b54203fe48e67f97fc9382a23a3696"
"","1","","904f2a5c2073d98e9694a5815be4fa428268c9d3"
"","2","","dd3b3f937b4a450c5d9782e8c8ab8deb9320abc8"
"","2","","03d14c3beb4d06d70aa7bb2e4cf381de6b350afd"
"","2","","416ac0fc7b6f668b2817bf0bd6769484807488ff"
"","2","","022d8efec96ff1744af502259b4909281d77614f"
"","2","","529dcd11feb3c531b625d4fa05cb8da0f5d91a45"
"","3","","1441c660bfe96340361d6418e5d30717167953ab"
"","3","","a21bc7b869487c79e2633848523879f1a979fccc"
"","3","","97d0613ba99d39c3ce6bb8dbce60f617e03f04c9"
"","3","","04b0ae418b620838981f91a71ee66a2a2d4807a2"
"doc/get-started.md","2","","093b39ca5eea129b111060839602bcfaf295125a"
"","4","","1334eedaf529731922c6d3c5ec1b59fe15e4a6cf"
"","4","","3f71b606680189f69e312e789dc542b0194bdf8e"
"","2","","702b6f3788c4e0fbc53e994790fe7ddd8574cdad"
"","29","","fcb6a452d6e9e65fa291f1208b879ad37803fd15"
"","47","","72928661edd61bfa1d228686f0b1346ba99ef89d"
"","284","","d6ec6b7e2731a0369ab857b718c9893e85586f35"
"","242","","0a555818d7b6f47a22ab4dd4b1515f8a6cdce52f"
"doc/index.rst","193","","e721046e2742a813ec83c1ae9a9d09b1f53318da"
"","5","","5afa6813883ff13010f41f3a6ee00ac9de453c77"
"test/compile-test.cc","5","","d42a068dbd4c6bcec8858ec642cf6a38503584a2"
"","12","","f2cec917dafffa45d5cb4573c68fdf706e2b5413"
"","17","","898d43857139bd2522b547eef6859753af5dc535"
"","11","","168df9a064641ad7dad21fac3c0daec63589c958"
"","12","","2b6a786e3507a9a5a856cb58c09413acf212c7ed"
"","2","","565461a0d3a8fba5f41590679e6f460ef06adb5d"
"","1","","c59ee969f3dc230086e6269c523c2736438aa243"
"","2","","5ee14d35087b3e30879de0ed12c13b957cbccea3"
"","8","","ba36a04811c5f73681a8e1c1e28539182e6a211b"
"","2","","f6b4a23b83b36946072398bd04b7c7810df2d213"
"","6","","d70729215fba1d54862e407b626abf86ddf409bf"
"","11","","52174953bc3a19395ad574c974a4595b4ed5c5f1"
"","12","","961df829b9a266adda89d3aa403d2625c5161e76"
"","2","","e2ab9ab22b4e138bb5004dcbcacc3a200218db08"
"","1","","50565f9853926501bd1c9bda07c6a98f4d940691"
"test/test-assert.h","2","","d64b100a30f5e3df9f7fe08cfdf3d89ed755ad6d"
"test/ranges-test.cc","13","","cb6fdf2191c7dcac1b4c0b8c7abcc8b488e6919f"
"","6","","df249d8ad3a9375f54919bdfa10a33ae5cba99a2"
"","7","","dfad80d1c5c2dd9220a83a44fc08d14887e66e28"
"","9","","5a3576acc88cb0947cb68f7f46c320aae6f44090"
"","2","","0335312320e8093fb1186cb45f60daccf8c161f6"
"","4","","4cae2da0d066e142434765e173463eb2d49e5696"
"","2","","a6ecd25b808aff5fe5313b40ee1ee6b7b6dba37b"
"","3","","60740b7c24030b9fde5e7288e1cf41aef84fe7ba"
"","3","","9f0c0c468be45357d85efc1788b7561fafbdebb1"
"","32","","e60ff504ea0a4cc663f0172c3db52a23d4f46d10"
"","2","","514b6955d22be65a72dfbae526ab75330382c75e"
"","27","","794df69c8c5fddb27742d2dce9adf3c61dd1dd21"
"","2","","fc723fd6c707064cca9ed95cf4526a955e3cd2b7"
"","6","","b81761068b5cc346b30a023cc6077d34afba1e01"
"","16","","75e892420ed84a058f0a494d693a6baf5212eac4"
"","47","","8e728044f673774160f43b44a07c6b185352310f"
"","2","","7d6ae972b982b9e660d0a272e5ed00d163f25bfe"
"","40","","d2473b7b73c0af2a3ed34c99e50ace0a1040581a"
"","53","","10508a30ecd91e5d09a27e4c6c0a01a89fd4edc7"
"","31","","16cec4f5913ef4c5c734290cd0d1eda39cf36bd0"
"","12","","400f6a8ee289a862c035d82eaf340a27952d1ae7"
"","5","","0861db500f8d4aeb2bc5ab86561a3fb6da233ba9"
"","16","","e1832bcf00ed53048aea1e4d2408a68301dcd50c"
"","1","","d0963d48234c1e52699944dc5f915c3113c1d57b"
"","4","","971f7ae7689f418bcd32e8bab95dda4db6442e61"
"","11","","2595bf57b318991a6d70ef1eea8d60b87f637fd3"
"","36","","50565f9853926501bd1c9bda07c6a98f4d940691"
"doc/syntax.md","2","","75e5be6adc294f5c7774b8b6ebbef1b1979fad86"
"","6","","a169d7fa469ab4be253962ce083c9579c8d88492"
"","2","","ed8f8be70d82b0a081286e262867956e565c1bf6"
"","3","","589898e28bb2f7f3ea19868c081ce9a3b5636fef"
"","5","","c0029b9847b6d04f4422f19c60a9f645d15f9931"
"","20","","f68dee5351d45727e2a3248dc47e87850d99b6fd"
"","5","","ab29ef37d9b973579ec9e8d889044d9d1c38e0f8"
"","4","","886237ae7b2344eba7975857307419388e2ac449"
"","9","","d2ecfcfc4503f6d0085d4995d8ee1002d72a5d15"
"","13","","26b249435ee31db45b247708c5b2e02fb93ff058"
"","128","","f7c5588c46df2f246985ed544fe2564621a9da06"
"","328","","a4e40677af50bb4035b85c607c8aad70f0332696"
"","4","","3479828e1d26ada250c3b5227d832ae643c5e9b2"
"","225","","191b0cb486ae24744d2f39dbfd9971d7833a6c75"
"","33","","e80f4a9b72405fae20acf807613534180140bce6"
"","16","","ca8eeb09eed72e4bef26fb1d3d8e89b46a15bbba"
"","12","","cddb41f63321fba890b713e555fbdf93d8b47335"
"","2","","caa97da1f5c0c6760b60edd2e69e0b92ee153f26"
"","4","","d90346013788e75b3c5068d10534965280d605fe"
"","4","","e0f3e85076ba9d3d24467c60ba2c6eeb0b437ab2"
"","191","","4fc3fce9cbf916fe6889752421ded17ab2512e0f"
"","27","","d6427ae7b21259f5fb3099832f7d8a445785d0af"
"","12","","3d6869065b6d4e4e5b5de9c729b79b3d2eec6e93"
"","475","","552842c4ffd82a4a3ca391c9ef581683114192cd"
"test/scan.h","4","","8523dba2dc22f883f59ccad89105d84319f3979e"
"","2","","b310a0d48bc2b9f176b3f0d4e42e7fc728ec703a"
"","4","","b906c321f0670c6bfc4cc999d5362128dc906d53"
"","2","","58d792b6d3351c5261ec4cc525265ba8b1b9fd30"
"","5","","92227c77a4eed4c12f97f7916041ace4d5ca02d4"
"","6","","2c0d9e9409fa8161b781ce9a67f12220d0605703"
"","4","","c816fa67519c32653fca5a6bc3fdfe5d0cd341b9"
"","19","","91b30e5b4ed57ff4ad43b399c5a761b36fc74325"
"","11","","e17bc67547a66cdd378ca6a90c56b865d30d6168"
"","37","","6f260455aa55f32429a468fb9a38017c5518ffcd"
"","47","","2caf1b3b91f6d56f420cec8bf752f9af26aa51af"
"","91","","6b68dff90185efd6dd618fd315b5325b9fd0df16"
"","16","","8510838db10427d4af0fd003c04d434e762ab363"
"","20","","fe0d910a7de68710171bfcc994802fe8a840c547"
"","4","","f9294f0e608c85857402db10f7f46085b8a3c748"
"","67","","3647feaad57b19e90526b4ed781b19babc53e266"
"","34","","e420a58f24dba97db0d1c5fca4273b81a669896a"
"","3","","ca37503f9390e52c2ef22ec3bab6ea1af963a308"
"","3","","123e058eb342e532fbe83c8b768331f7a97f74a7"
"","2","","8875cf96c23e0fb0ed70dfe6ff48096168127c70"
"","4","","0b39d67103025c4b15c424ff5e2ce4ce7399edd8"
"","11","","ce3161887aed8e189bec195fac8993db38c3bc5a"
"","76","","e1aac4266399581fc376f0ae678a232aaf922bed"
"","17","","1705600be37278184740b06f3da7e2c3837cfe1f"
"","188","","d33731d2027310d6246aec5b025c05e8b14dc8f5"
"","66","","c068c7c622ce6fb547f6aea9512db53dd46abe22"
"","13","","f5ca178c12fa15865332380424d87fcfc061a98c"
"support/mkdocstrings_handlers/cxx/templates/README","1","","b5c8fd783ced18a29ac77aff04ee0f83008c0900"
"","1","","dc401b1c285a04a5942a593f67fee8f57236f811"
"support/run-mkdocs","14","","b5c8fd783ced18a29ac77aff04ee0f83008c0900"
"","7","","dab1a65d2c37920455330d49e5396b25179e25ce"
"","11","","75ab3bc2a09ba64f44281d002dccf49e8012bd67"
"support/Vagrantfile","5","","e89568e6cba4e456f587206fb1ecb20cdb478745"
"support/rtd/theme/theme.conf","2","","06f8e02fb3a1af3d8ad8b17ee041e02826d802c2"
"test/CMakeLists.txt","3","","c68c5fa7c75131268f794390e5207575372a0ba3"
"","20","","9fcd9c4c1201daabfaa7c3966a3732f358b094c8"
"","5","","e10643add21e9c35d41f60288f13352da754d2b9"
"","4","","e50c8b6bd870eb743b2cf13850d5aafcf7d1bad8"
"","3","","b7809f91e2cc42d3bb693e742a28815832c6cb89"
"","2","","6b68dff90185efd6dd618fd315b5325b9fd0df16"
"","2","","f924d20dbd811f6c50bcb7ae1101a2e6da78107b"
"support/rtd/theme/layout.html","17","","06f8e02fb3a1af3d8ad8b17ee041e02826d802c2"
"support/mkdocs","2","","0c028137917bd5d2ad92a41d35bf553332e4ffe4"
"","38","","f8581bcecf317e8753887b68187c9ef1ba0524f4"
"","5","","33a1de57af3a7b40b07e94483bd47ab8b87e8eb2"
"","7","","d175db8f5b598c553d3b408d4de9cb49b5aa4bf0"
"","4","","a8cfc0cc2c7b913649dfa4e98814cfedd9dc3e97"
"","10","","65e278b28671640610354606ad6f1b11bd4a22bd"
"","4","","3620c174a61647b032a7bfe5cf8fb02610423c3b"
"","21","","ed21034a10d581052e2a5577f243f51a9634fd72"
"","24","","ab6b257a3908e1aeb247a09964e1b8db422c5890"
"","17","","b5c8fd783ced18a29ac77aff04ee0f83008c0900"
"doc/_templates/layout.html","2","","a57a63dc0f723aae910204adcac62283b0801d35"
"","7","","8691f21b45749194eeb1aaed36c328801f3a0bdf"
"","2","","7e4fac3f4feb5b0bfd8d4bf8b0bad8a7e617c491"
"","37","","f4e1ec81e25fca3ce93ab40627530937f184138a"
"","2","","89c0d10105556236e390e840a7f6dc3ada8611ef"
"","4","","12ef9e09d1de3448a146c01229ea920d728bbbb9"
"","4","","cc13102031e74a87c2a2da1f14ed5f23fa18c9cb"
"","78","","766300b3c6f6d1cc5380acf9c53c5f87fa613c17"
"","4","","4115219ede74a6e4ad490fe8bd08c83a403b34e8"
"","20","","95076981f781975b35c469046d2fdfbabdd863b5"
"include/fmt/base.h","2","","4e5aafbf430f2dc2c3b13c42f9f901902e150ad9"
"","3","","3401ce2be280ce4ee77bc1f3c7494501a165e95a"
"","8","","7f7695524a4bc3c9b7883afcc86ba61421989b7f"
"","2","","0ca42e836ee922668ab78196274e0f0bbe960a46"
"","4","","d5b866e2421786a661448a41fb6dfb7fe2457f53"
"","2","","c9267da4dfec806e6137ce68a2ce50d833a27bc6"
"","2","","f841ae61e2928d4f2c9adc7afa9d9f2eb47edec7"
"","6","","41539c29f342e67abb925b946acab6d55d331b36"
"","2","","9ff9c695db8aeadf70eb26498a0e1cdceeeb849a"
"","1","","937b7c5c10dadee2913b548041551828e7934eb7"
"","6","","01914f0389ef6ff151c289670f6910e059d5063f"
"","2","","c43da35701b89e9368a40d36c69e7fc87eeff50a"
"","2","","b0b3dc5ff9e1ec1c33626c05ed5b1bbb7aaef431"
"","2","","586ea06f02dd806315602944880d958d287ace34"
"","4","","21aa0956d43297667762cf79347e4cda76ea3521"
"","6","","2c3a5698ef4956568d378148b6e271dd70868669"
"","2","","e9ec4fdc88f1bc8e91edf1567f8ac7ba0d1d81d5"
"","16","","feb72126b438e670e7f6474b9f211b6114ed68ba"
"","7","","3e04222d53e683f60a4ad79016a9c6d82186bbb5"
"","3","","11742a09c7e575393ae482b3219030caadb34743"
"","2","","faf3f84085542fc8f9592d98b74fd7b4c5672e07"
"","4","","a3ef285aecaf46d0af08116557ab5b39a41002fd"
"","10","","542600013f346f03417ae4e0f1b8dc64df5da3d2"
"","10","","cf50e4d6a4062688a792d03d7d44132b43e36db7"
"","6","","8523dba2dc22f883f59ccad89105d84319f3979e"
"","36","","1521bba701a59ecf7907c2bee1af09f8aead362a"
"","10","","68f3153762de6c30d47e5760a057827f58bcdc20"
"","24","","168df9a064641ad7dad21fac3c0daec63589c958"
"","2","","4daa3d591f6715671e6716a298ec39f0a34058c5"
"","4","","601be1cbe784af4231b70870c48bea442767ea61"
"","2","","58c185b634d229a8d9896c4d9c7b553126b776f2"
"","2","","22701d5f63fd9ba3ffa35fe94585b5bfcb69238b"
"","5","","e62c41ffb04d3e9cbe83e961292b85eeeaf4095f"
"","26","","3faf6f181e4b277868578dd97034aada145aee8c"
"","2","","d64b100a30f5e3df9f7fe08cfdf3d89ed755ad6d"
"","3","","ff9ee0461a8dd02cbaf9458aa13301aa1099c0f7"
"","3","","cacc3108c5b74020dba7bf3c6d3a7e58cdc085b2"
"","2","","fade652ade6e9ba4b16e7484cbda5ee4c9178918"
"","18","","96dca569a1251ea77f434c2773d4db55c4b8a488"
"","7","","ff9222354993cdffa0c5fa07a3e79ec11a24f86c"
"","4","","23fcf1942a610ffe5a3840b5e50eb508ba0cc508"
"","14","","3f296e3d4ad29248db4a52e207e154e8743e67d9"
"","38","","a197a994c5a2363bc93bcff41bc77390802051cf"
"","11","","55a0a9cd6278099488772c7f1034f152fe94619e"
"","4","","5c926d9ff9a21194ef24941cbfde25c3702ed7c5"
"","10","","8b024662d4add88c5c093b56661f669afd13b5c1"
"","9","","2f1424be90b5e2be12535c4ac2459a63642cc83f"
"","13","","239aa6911bfa0ea11a4e80b352a354abd8d87d0c"
"","9","","497df6db6184af38fa237d95947f19b3abee2794"
"","8","","503dff93eccaa5fcb579a0eb1390cf5d9c307da4"
"","15","","3374a95b50bb6bb429e630b3931640311b54fea8"
"","23","","0e62e5dc7cd1132020e209023d919f8325d6d539"
"","35","","7ce013971bcafd72c203cdc32b8123b4cde2c640"
"","37","","41977277125299adb7d21e5ec0f62e0367ae37f1"
"","34","","527e98e3f873562b640377ad8f3c6088ac34e01d"
"","8","","8a19b2db779cba178a96eb99da787d9451fc2a51"
"","65","","e97df46ae1b43fad38786a0f4645038d980087bb"
"","24","","39f1e0903ad2cf871573e19de118fda5826ca389"
"","71","","d832830f60b56092e346de2297b23000c5d28edb"
"","12","","b329ff194ff2defafaf7c61ca63a0eebc5d8bcb5"
"","53","","2af403ce6414ee8402a8a141a69c35854c74a234"
"","76","","b7513b1d0026e710ccf17111ed173a13790f9634"
"","27","","761d35f7632a1dada0be8e6e9d18a3ba16644f00"
"","21","","545dc4148a4a48e2e6f43b89799800118bc5fed2"
"","35","","3f5e45dd3385fbe86fc3f080fb0c12fe012f7e27"
"","4","","2e3b6fbd9feb41a2dc84d95a04a5eaa7ec195e72"
"","12","","a0328e1f9fd841e950719cab8fbaeacdb7964e02"
"","35","","2d5e561a6b26f021c330a7d9cbc0470fd6125a84"
"","24","","0335312320e8093fb1186cb45f60daccf8c161f6"
"","34","","1782a6eac0fc6ceabd9a529a6b8834bbb582ddee"
"","10","","b6a6ec7f1cbe68cad746b3db0ef2aad31dea1451"
"","7","","89999f16722e9f338426a985327179215bb27936"
"","8","","b90b4bc981ece26c31283ce18f9d50d38d600b60"
"","4","","a1d6f9a973691a9919aa253dbc9895ccbbbe413b"
"","5","","1bde49e545ed8eb4af96b320635dc42e0d4530f3"
"","22","","6f62db098a391436be11644ed9e0b55e7964e8d3"
"","23","","ab44ee7521f924e2eb8caecf103e9e4a4863c732"
"","2","","a5deb96bf51ec41f456e84a6f1083520b08d7275"
"","13","","61a241f03f7105c91dd0fdb378a372b8ce0a279a"
"","28","","ff82d8d2b5831b3bb477f7cacf3d798102d2ae96"
"","7","","0cc20f56398ab12b2ec00b37165e70baba032e61"
"","2","","2ba6785d8fc073520f6d2a5dced876e5fe3e1df4"
"","4","","5644e7507ca486fbbe1946ffebeb71685d3e8ac9"
"","108","","5345cfe6b321115c3835c38be6b1c02da23b26e6"
"","134","","3e9fdb3a1fd931ea43229f8fc860d0ce67444597"
"","8","","b37be85bf1e142079fdeb4a96639b32f78770914"
"","19","","02c5d637c5ca02c62d7346537e131833d8d78d8a"
"","29","","047bf75c245952350a333f943ec9d2993b71b8bf"
"","36","","2d3ba32e79588896fdd82272e93391547a7a3a2c"
"","40","","6c90b31fbd11f160017fe706c683c839d7d9c59a"
"","44","","9408c2ae8c264f2c94495db73251f75fcc35cad0"
"","14","","debf6f82855984cb81622303dd57e6e79abadc00"
"","3","","35f4fab4c425ea30883ceaafd337589e4969824b"
"","31","","ff8f32478697dae12ff02e89cb711a05478816e7"
"","20","","bd48715d812690d8357cce32930fa6fda41c5673"
"","2","","57d6df62f7ab2cc46e8a3b32183d09a87dfe9904"
"","53","","8ed4a9dcc1c04cfaedcddc3ac25918cf35250f4a"
"","61","","f288f45e46a7ce2ae430f8e055e086ccb83f9b31"
"","44","","f1e3016c13aea4c104c48b04b90d483c78927eb9"
"","18","","106dc8fd642148828d63c69e9b534ccafd80f8d4"
"","26","","c3344e21e270b960b2d0745765713da6f9587ca0"
"","22","","5f438c967e03daceed099f3b6b820e316a55cc80"
"","66","","2a257798d4115a1aad5855d805d2c701fd2fe698"
"","10","","1cc10ab68f4857ae4e90bd3929adeaad00379d1e"
"","35","","b4d1d7f8e6719a928f6eea0786dec296dc64b123"
"","7","","3df47a467717580aeaa01a4c8e3963939bf343f0"
"","3","","b4aea98b550ae38a39ea2f333c493380074f1ed1"
"","3","","e2b723870787da77c040f5e705882121d618aaef"
"","33","","1e0c6cdc3ba05fe740860ded5e92ee33792c3f11"
"","2","","15694c9a84f120e21ca3095ed0f989d5b704e796"
"","33","","894b71da853f23364660de204a09b78fa42fab7b"
"","80","","7a6a2a79ed85fbd49fbd358dcee39c6d1870097e"
"","14","","387395fc7c6c4ff214747a4876015c6d4f07f528"
"","24","","6a88415499d38904f2ea5cee19416cad1306ab59"
"","566","","9a2aae37d4537b3de391ce29b905438cc84b4633"
"","104","","8803768363019a81a6aa165d5d3c17a915e21997"
"","81","","4fa533c70e7b278f624bd8828d8d754e736cfc61"
"","38","","d980dd71713eece6728392c7080d041b46d4f7de"
"","150","","4eed488c66319e809cd8f711ce89eb004d9ab99c"
"","15","","a6ecd25b808aff5fe5313b40ee1ee6b7b6dba37b"
"","16","","9f29345ea097b1ea070068de255fb92a5d8fb646"
"","40","","4986b4c0efd0fad653463e867d068c12f42e9e0a"
"","98","","a5f4d9820ca523322ca41c36f73ecd510b53e805"
"","18","","bc3af512720da527690c58d2edab4ca1892b1f1d"
"","30","","60740b7c24030b9fde5e7288e1cf41aef84fe7ba"
"","215","","9ef160d30942bf20952d511e9542b33e777b1dbe"
"","428","","0b80978c271b6731696bbdbc9a534e3e75f84d3c"
"","15","","4f39d88650314bdfe7968bd3d4d082a6ddb085b9"
"","8","","a86b1acf6af396aec5eeb0ff02fdddf1db2c0186"
"","17","","c9ef07bc4e004a379bfa86db9fa513672d100954"
"","2","","8c4cfab57add08231c14c6c8b532ce1f11d6a6c3"
"","148","","7e3aa6d98211bec5627f8044595fe9ea7cc62b8d"
"","57","","7c66216008b323888e485d53ede9639d66a8f8e5"
"","1435","","1416edabbb0f9b91053555d80015e6857f6dc433"
"","87","","b310a0d48bc2b9f176b3f0d4e42e7fc728ec703a"
"","27","","985c3399d135d34d52a4216c5fd30544d7332f07"
"","22","","4a55b0d5fdfb621b50900bfe81e167c4b9deb210"
"","41","","64a6c8459282de9cc2d8bbf8025a28d2aa6ccb05"
"","41","","66920feeee6dc101e80c69c6b4e384f030a7e03c"
"","84","","f4dad85c3aa5501fa5fac89ae3d3215a497493d0"
"","37","","db4becabedb36d6f0f87d70cb96b3353f7a07222"
"","100","","fec2cc7af103aceb475480908859a30474a2fe6a"
"","1","","621e9c17c58ab7ee3ec0faf3ec39e3565332593f"
"","15","","bca70405569efa2e43768efea25ac7499e17b35e"
"","24","","8c4b17fe648073bd5fc9aa76db907bec71babcb0"
"","64","","6797f0c39a4ef13061cbc3bb850c35af7428fdc4"
"","29","","db496b47c1c5abe963f1dddcd52e26aff7b5910b"
"","29","","8eda3c8e900a205056ba58779f1ef0d43acec747"
"","11","","53316903e64116cf0d53a7ab0ed17e8a76be7858"
"","46","","8a484ad577150766b586ce7d3bedf2b79ae02998"
"","12","","0204dd359d9e5fc8142549ee8f7092a29c66723d"
"","8","","2a2f73f7c197e41820757cea84d33d6875cc2f54"
"","27","","6dd9194abd5c3505229185733ad25e112ff0c14e"
"","6","","a017bba0624e28a4861b1d6e46f6eb7d3a26be7f"
"","28","","f213d83306aafa2431be7dfb6749d887a8cb0e2f"
"","7","","7477dda28ddc166b6e4edb0f96abf295fb1c44b0"
"","15","","cd8d01d8cd989524ce35b1d9be41774dbe549a89"
"","50","","377cf203e346f684df919f3046907af64ce5bdaa"
"","38","","5a0a37340c0cb2712cdc6f8b7e8963cfb5568026"
"","4","","a3f3f2ec9a2657acf0b5a762dc3979ac4900b9d7"
"","37","","94b8bc8eae1ac64ce2219afa8450f8176a0488e4"
"","10","","3135421257e71f456a4d745313d0be798354f34f"
"","23","","993f56cff6f0c3f03953cae44c44693ca782725a"
"","25","","c6c830e20344e753f2a221311978cd3510ac0aa2"
"","272","","b906c321f0670c6bfc4cc999d5362128dc906d53"
"","8","","f8c0c8ee783f3598594ea711a40db5280260f531"
"","102","","50a8c3e9bfacb6a6b1a3ab742d9014d731acd329"
"","2","","bf870ae3d15c576bdb78e5c0ce1106fab9f0275a"
"","33","","5ee14d35087b3e30879de0ed12c13b957cbccea3"
"","30","","b9c0e4dd82874d784cd8bd70457c595658483d48"
"","1","","8445327c84dd0bfd23646dc2d92fed105b8fae8c"
"","6","","e23fb6a8b48cf17bf24aef629916f94a42042945"
"","42","","a80d668a52a92b67e01cdf59622454b31c4059c3"
"","5","","707d7d923a117df956fe7adf762ec48ecc5d6b55"
"","2","","ba36a04811c5f73681a8e1c1e28539182e6a211b"
"","96","","524ca1c7154fbca58548aafe7d7eedff36bda9dd"
"","29","","3cc32fdc8b01fd54fd415d8a76931bfdcc232b52"
"","2","","e84297f255d02f0b4e196b53b4c17a123a44e79a"
"","2","","9228f349a51ee0128dd807c6917fed0c7e6f391b"
"","17","","f29a7e7970349eec2c76f3c0eda3d5accdd3aa6b"
"","1","","58d792b6d3351c5261ec4cc525265ba8b1b9fd30"
"","6","","25adca5666a55b732e38182691914d7a35fade0c"
"","21","","1408f1824d6a23643e178ee6e46478fb550a0963"
"","5","","3fe4641d3a33a125285dd890b3a0c0ddf81f329f"
"","31","","33e7ed1eb5bbbd80ab4efb5495dff54dd1d83de6"
"","6","","13038f37e87efa44e2a1409f41da1fa7c02fee7d"
"","3","","7a8b54a0ef7ca1791b0a5491b6e0593e1cf2dd5e"
"","4","","503e183b9e3284317e5c12ebbf1747b54de33008"
"","2","","c4f6fa71357b223b0ab8ac29577c6228fde8853d"
"","1","","686339f7c12967975af0381eec7ca1a90af6bfcc"
"","2","","53186535d58f66d1a0f72061f2176678f2f60956"
"","18","","b1efe8516e20c92da4fc3e96827ac9f5236554a7"
"","2","","2a2048a7855fc2063e574eee54bca00eaf03c534"
"","8","","8687315e86e739bbd8b6deb035f2fc7c4e4a6907"
"","1","","1d9df9ce1cd4648e32588419d82c8952134650e6"
"","3","","2bf811b1d961eb4817ee874ecf0cd87e0ed083e1"
"","9","","0f6e7165489c392e717a16adc449001f17fa2d87"
"","2","","ab29ef37d9b973579ec9e8d889044d9d1c38e0f8"
"","4","","38ba3d3993a078faffc2b58246f9f76edcebe7e6"
"","3","","03d14c3beb4d06d70aa7bb2e4cf381de6b350afd"
"","8","","febeb51bde02d30e188fb1016ecd7ec6d3207c36"
"","4","","933d8ba35279eeefcc0ad95e8879f21d201a3955"
"","100","","91a859ee4a23a5b1d0459bd1beb064dd3fd5dc05"
"","93","","a4d42c44f40c4e6cfb048c41a952da87b5963872"
"","127","","cf9833f40b7539c4c0374c57ede8e145535e259e"
"","14","","1752d7fbbbeb5ae2fb30bad5f370a03c3f82e7c7"
"","11","","028bffa0830a8c0aca1e8b1c57ee25812cd61a56"
"","10","","1f436c646ed4f3ec2c5e2cfe958ed6f34aa1983e"
"","6","","db1ee420e09d5c23767d72e63bb44934a85414d9"
"","25","","7d6ae972b982b9e660d0a272e5ed00d163f25bfe"
"","8","","3460b30fd5c13eaccb7bcb1d81195654ea17181f"
"","7","","b7809f91e2cc42d3bb693e742a28815832c6cb89"
"","2","","1dc71f21eadac50c85b5c840ca7db2bf7a507b15"
"","2","","48c908453d8fe2a78610b523dfd88c54d4192252"
"","20","","f746a59a5c41ce1c8c2ee889fb38c95f898c3a95"
"","2","","99735764ea773ce7426688d503499e72f58d739a"
"","8","","116a9ce4880f1c74828447f8563657a57130c3af"
"","2","","550437b29ecc7fa63eafacc866f897de9e40dc29"
"","7","","4e8640ed90ac8751d4a8ca500b893cc8c4bb9668"
"","57","","5d63e87d235b86341f8d87f79ed8eb9825f34c44"
"","12","","aecec01b34aa3d1bb3fb991d4f75b0750508f9a0"
"","10","","e281749c5de4c69dce12f78ec5ceb08ede49a8c9"
"","27","","3bc6cc1e63afbb08bf78f9dc8785d67dffd1be60"
"","1","","f68f452deaa15f222c7b2eee5f41c7a9bd249793"
"","2","","ae181cc93d06ae1129d6d8ba3c2d742153605d3a"
"","2","","3a6fb2fcafcce0459fdf106c16b7d9bdb8a09eca"
"","15","","1b54ba4b9d9f722302343cf409ae7a7b3fe91553"
"","17","","a1e1eedbb5ccf8d41c83f1c945a673fc28844f35"
"","4","","4c5b4af04d779394fff544d91ca37d4ed8aa36e9"
"","9","","8510838db10427d4af0fd003c04d434e762ab363"
"","44","","13ec66bf78815ca791e24a36e96a0edb9f98184b"
"","10","","64091b7a256d5c95b637404abe3aa8fc9be264d6"
"","57","","e954823531bf075d4978c499f84a24ea2aaa39da"
"","100","","83652dfee78bad8ebc4fed0c86158a627271b7c7"
"","4","","73d91351b4dafb4d35c3b847f8acf5c79d1a0407"
"","59","","fe0d910a7de68710171bfcc994802fe8a840c547"
"","100","","f9294f0e608c85857402db10f7f46085b8a3c748"
"","6","","d70729215fba1d54862e407b626abf86ddf409bf"
"","2","","56fa4d61f6e0ccf3ab5610ee81165a91ed33d664"
"","5","","cacdf1439fa67a45dc82d2ae9cc274ed538b20e3"
"","11","","d0963d48234c1e52699944dc5f915c3113c1d57b"
"","34","","da0f84c42cd608c4938ece93762cacf9ac5ff3da"
"","3","","0cdee904a480f50c756bd05e752c4d067a823fec"
"","10","","7e58af4eafc11c2b0f92abf111b0e198c9aa0dc7"
"","134","","f1924d326989aaee5007ee8d3e4d64fc8f8fd50b"
"","116","","52174953bc3a19395ad574c974a4595b4ed5c5f1"
"","20","","b71d98774b4fec60e9e0f77f7ed527b2cb4ce784"
"","34","","810d1750f1579f19d842b6f3ca6671f714375444"
"","65","","170ffb1ff88dccf74a48943899d9008c22ef456f"
"","35","","e470ba8b7b21b0b3de1cb1e6a9556e133c1268d7"
"","68","","bf98e3e4c61a7f5c36633278da6567f7bcedd4d5"
"","17","","fd87a23d34e1df139ac511c9bbcfdda1ba59a232"
"","4","","c5340539f94cf1517878ffa8a873c5138e8605e1"
"","7","","971f7ae7689f418bcd32e8bab95dda4db6442e61"
"","15","","da7a232b9e5258ce63a06d999bd72c021999ffd4"
"","59","","4331abed26bb3bbbfb80957ec9a8c015b5d00a8b"
"","14","","fc8f6ba934268940feb655a06648069b1cdb6fa0"
"","10","","58a6bd48a8dc7ea74bb9fd900c60fd333a85725f"
"","2955","","79f1506fe3a7fae7c22c55d3cd7cdc33bc536dae"
".github/workflows/cifuzz.yml","2","","71d24b564d7ee8134f656639fb44c4db2ffabd50"
"","4","","a0a9ba2afc206ccc204aff0a902d8fb43eb8bddc"
"","6","","cc2ba8f9ede4e5ae3262f43f3e4d07a22a9acdfc"
"","2","","d4aeca9922dbeb7bfb9264249a31f27aceec577f"
"","4","","b61c8c3d23b7e6fdf9d44593877dba1c8a291be1"
"","6","","d175db8f5b598c553d3b408d4de9cb49b5aa4bf0"
"","2","","17062a0c9b480e2fa70427050803245197c6f789"
"","2","","4fcc317dc9828bc75ede10a4d424fb7dc3e08989"
"","2","","9f5f39cb50769559e3f04cd0fcb5bae58b269c52"
"","2","","0c345dccd23e58ee0eae1d4e46cb4ab82bf8a668"
"test/compile-fp-test.cc","2","","d70729215fba1d54862e407b626abf86ddf409bf"
"","8","","52174953bc3a19395ad574c974a4595b4ed5c5f1"
"src/fmt.cc","2","","c43da35701b89e9368a40d36c69e7fc87eeff50a"
"","10","","a2c290bc34d3ad1a10347fdc5ecdc7f50dcb90ff"
"","8","","52b32081f95a4ecbf27d0b7b5244097b9ccfce35"
"","6","","af8cd4e40425a0f1ed5dbf27c9fc664bf3cf977a"
"","3","","8687315e86e739bbd8b6deb035f2fc7c4e4a6907"
"","6","","51a690ab153678d8b1391e2c6c4ae752f2868585"
"","5","","0f6e7165489c392e717a16adc449001f17fa2d87"
"","65","","116a9ce4880f1c74828447f8563657a57130c3af"
"","2","","7fd180268666f5c997655a67a83bf8827ebe4359"
"","12","","9659f22d36acd801fc89f6056ccd846d967ef473"
"","4","","398ddb8fec18eb4dfd1d0c8b1b8222afdb8b6307"
"doc/fmt.js","3","","e5c07c8356ff36b6380d37533af9acc7dce8fd9b"
"","3","","aafdde7ef8e17c6b6946b1759dcca8a68b491879"
